Date,UnderlyingContract,ExpiryDate,Strike,Moneyness,ImpliedVol
2026-03-02,BRN Oct26,2026-08-26,59.99,0.749969,0.359469
2026-03-02,BRN Oct26,2026-08-26,63.99,0.799975,0.344769
2026-03-02,BRN Oct26,2026-08-26,67.99,0.849981,0.332859
2026-03-02,BRN Oct26,2026-08-26,71.99,0.899987,0.323313
2026-03-02,BRN Oct26,2026-08-26,75.99,0.949994,0.315788
2026-03-02,BRN Oct26,2026-08-26,79.99,1.0,0.31
2026-03-02,BRN Oct26,2026-08-26,83.99,1.050006,0.305716
2026-03-02,BRN Oct26,2026-08-26,87.99,1.100013,0.302739
2026-03-02,BRN Oct26,2026-08-26,91.99,1.150019,0.300907
2026-03-02,BRN Oct26,2026-08-26,95.99,1.200025,0.300078
2026-03-02,BRN Oct26,2026-08-26,99.99,1.250031,0.300134
2026-03-03,BRN Oct26,2026-08-26,58.91,0.749968,0.35626
2026-03-03,BRN Oct26,2026-08-26,62.84,0.8,0.341553
2026-03-03,BRN Oct26,2026-08-26,66.77,0.850032,0.329639
2026-03-03,BRN Oct26,2026-08-26,70.69,0.899936,0.320113
2026-03-03,BRN Oct26,2026-08-26,74.62,0.949968,0.312582
2026-03-03,BRN Oct26,2026-08-26,78.55,1.0,0.306791
2026-03-03,BRN Oct26,2026-08-26,82.48,1.050032,0.302505
2026-03-03,BRN Oct26,2026-08-26,86.4,1.099936,0.299534
2026-03-03,BRN Oct26,2026-08-26,90.33,1.149968,0.297699
2026-03-03,BRN Oct26,2026-08-26,94.26,1.2,0.296869
2026-03-03,BRN Oct26,2026-08-26,98.19,1.250032,0.296925
2026-03-04,BRN Oct26,2026-08-26,59.69,0.749969,0.354393
2026-03-04,BRN Oct26,2026-08-26,63.67,0.799975,0.339693
2026-03-04,BRN Oct26,2026-08-26,67.65,0.849981,0.327783
2026-03-04,BRN Oct26,2026-08-26,71.63,0.899987,0.318238
2026-03-04,BRN Oct26,2026-08-26,75.61,0.949994,0.310712
2026-03-04,BRN Oct26,2026-08-26,79.59,1.0,0.304924
2026-03-04,BRN Oct26,2026-08-26,83.57,1.050006,0.30064
2026-03-04,BRN Oct26,2026-08-26,87.55,1.100013,0.297664
2026-03-04,BRN Oct26,2026-08-26,91.53,1.150019,0.295831
2026-03-04,BRN Oct26,2026-08-26,95.51,1.200025,0.295002
2026-03-04,BRN Oct26,2026-08-26,99.49,1.250031,0.295058
2026-03-05,BRN Oct26,2026-08-26,60.65,0.749969,0.355829
2026-03-05,BRN Oct26,2026-08-26,64.7,0.800049,0.34111
2026-03-05,BRN Oct26,2026-08-26,68.74,0.850006,0.329214
2026-03-05,BRN Oct26,2026-08-26,72.78,0.899963,0.319678
2026-03-05,BRN Oct26,2026-08-26,76.83,0.950043,0.312141
2026-03-05,BRN Oct26,2026-08-26,80.87,1.0,0.30636
2026-03-05,BRN Oct26,2026-08-26,84.91,1.049957,0.302079
2026-03-05,BRN Oct26,2026-08-26,88.96,1.100037,0.299098
2026-03-05,BRN Oct26,2026-08-26,93.0,1.149994,0.297267
2026-03-05,BRN Oct26,2026-08-26,97.04,1.199951,0.296439
2026-03-05,BRN Oct26,2026-08-26,101.09,1.250031,0.296494
2026-03-06,BRN Oct26,2026-08-26,58.53,0.75,0.35536
2026-03-06,BRN Oct26,2026-08-26,62.43,0.799974,0.340671
2026-03-06,BRN Oct26,2026-08-26,66.33,0.849949,0.328768
2026-03-06,BRN Oct26,2026-08-26,70.24,0.900051,0.319204
2026-03-06,BRN Oct26,2026-08-26,74.14,0.950026,0.311685
2026-03-06,BRN Oct26,2026-08-26,78.04,1.0,0.305902
2026-03-06,BRN Oct26,2026-08-26,81.94,1.049974,0.30162
2026-03-06,BRN Oct26,2026-08-26,85.84,1.099949,0.298644
2026-03-06,BRN Oct26,2026-08-26,89.75,1.150051,0.296807
2026-03-06,BRN Oct26,2026-08-26,93.65,1.200026,0.29598
2026-03-06,BRN Oct26,2026-08-26,97.55,1.25,0.296035
2026-03-09,BRN Oct26,2026-08-26,57.2,0.750066,0.356448
2026-03-09,BRN Oct26,2026-08-26,61.01,0.800026,0.341766
2026-03-09,BRN Oct26,2026-08-26,64.82,0.849987,0.329868
2026-03-09,BRN Oct26,2026-08-26,68.63,0.899948,0.320331
2026-03-09,BRN Oct26,2026-08-26,72.45,0.950039,0.312792
2026-03-09,BRN Oct26,2026-08-26,76.26,1.0,0.307011
2026-03-09,BRN Oct26,2026-08-26,80.07,1.049961,0.302729
2026-03-09,BRN Oct26,2026-08-26,83.89,1.100052,0.299748
2026-03-09,BRN Oct26,2026-08-26,87.7,1.150013,0.297917
2026-03-09,BRN Oct26,2026-08-26,91.51,1.199974,0.297089
2026-03-09,BRN Oct26,2026-08-26,95.32,1.249934,0.297144
2026-03-10,BRN Oct26,2026-08-26,57.3,0.75,0.357644
2026-03-10,BRN Oct26,2026-08-26,61.12,0.8,0.342949
2026-03-10,BRN Oct26,2026-08-26,64.94,0.85,0.331041
2026-03-10,BRN Oct26,2026-08-26,68.76,0.9,0.321497
2026-03-10,BRN Oct26,2026-08-26,72.58,0.95,0.313973
2026-03-10,BRN Oct26,2026-08-26,76.4,1.0,0.308186
2026-03-10,BRN Oct26,2026-08-26,80.22,1.05,0.303902
2026-03-10,BRN Oct26,2026-08-26,84.04,1.1,0.300926
2026-03-10,BRN Oct26,2026-08-26,87.86,1.15,0.299093
2026-03-10,BRN Oct26,2026-08-26,91.68,1.2,0.298264
2026-03-10,BRN Oct26,2026-08-26,95.5,1.25,0.29832
2026-03-11,BRN Oct26,2026-08-26,56.99,0.749967,0.361672
2026-03-11,BRN Oct26,2026-08-26,60.79,0.799974,0.346972
2026-03-11,BRN Oct26,2026-08-26,64.59,0.84998,0.335062
2026-03-11,BRN Oct26,2026-08-26,68.39,0.899987,0.325516
2026-03-11,BRN Oct26,2026-08-26,72.19,0.949993,0.31799
2026-03-11,BRN Oct26,2026-08-26,75.99,1.0,0.312202
2026-03-11,BRN Oct26,2026-08-26,79.79,1.050007,0.307918
2026-03-11,BRN Oct26,2026-08-26,83.59,1.100013,0.304942
2026-03-11,BRN Oct26,2026-08-26,87.39,1.15002,0.303109
2026-03-11,BRN Oct26,2026-08-26,91.19,1.200026,0.30228
2026-03-11,BRN Oct26,2026-08-26,94.99,1.250033,0.302337
2026-03-12,BRN Oct26,2026-08-26,56.97,0.75,0.360566
2026-03-12,BRN Oct26,2026-08-26,60.77,0.800026,0.345864
2026-03-12,BRN Oct26,2026-08-26,64.57,0.850053,0.333952
2026-03-12,BRN Oct26,2026-08-26,68.36,0.899947,0.324428
2026-03-12,BRN Oct26,2026-08-26,72.16,0.949974,0.316899
2026-03-12,BRN Oct26,2026-08-26,75.96,1.0,0.311108
2026-03-12,BRN Oct26,2026-08-26,79.76,1.050026,0.306822
2026-03-12,BRN Oct26,2026-08-26,83.56,1.100053,0.303845
2026-03-12,BRN Oct26,2026-08-26,87.35,1.149947,0.302016
2026-03-12,BRN Oct26,2026-08-26,91.15,1.199974,0.301186
2026-03-12,BRN Oct26,2026-08-26,94.95,1.25,0.301242
2026-03-13,BRN Oct26,2026-08-26,56.19,0.75,0.356103
2026-03-13,BRN Oct26,2026-08-26,59.94,0.800053,0.341393
2026-03-13,BRN Oct26,2026-08-26,63.68,0.849973,0.329505
2026-03-13,BRN Oct26,2026-08-26,67.43,0.900027,0.319951
2026-03-13,BRN Oct26,2026-08-26,71.17,0.949947,0.312438
2026-03-13,BRN Oct26,2026-08-26,74.92,1.0,0.306644
2026-03-13,BRN Oct26,2026-08-26,78.67,1.050053,0.302356
2026-03-13,BRN Oct26,2026-08-26,82.41,1.099973,0.299385
2026-03-13,BRN Oct26,2026-08-26,86.16,1.150027,0.297551
2026-03-13,BRN Oct26,2026-08-26,89.9,1.199947,0.296723
2026-03-13,BRN Oct26,2026-08-26,93.65,1.25,0.296778
2026-03-16,BRN Oct26,2026-08-26,57.04,0.749934,0.359426
2026-03-16,BRN Oct26,2026-08-26,60.85,0.800026,0.344702
2026-03-16,BRN Oct26,2026-08-26,64.65,0.849987,0.332804
2026-03-16,BRN Oct26,2026-08-26,68.45,0.899947,0.323267
2026-03-16,BRN Oct26,2026-08-26,72.26,0.950039,0.315728
2026-03-16,BRN Oct26,2026-08-26,76.06,1.0,0.309946
2026-03-16,BRN Oct26,2026-08-26,79.86,1.049961,0.305665
2026-03-16,BRN Oct26,2026-08-26,83.67,1.100053,0.302684
2026-03-16,BRN Oct26,2026-08-26,87.47,1.150013,0.300853
2026-03-16,BRN Oct26,2026-08-26,91.27,1.199974,0.300025
2026-03-16,BRN Oct26,2026-08-26,95.08,1.250066,0.300081
2026-03-17,BRN Oct26,2026-08-26,57.77,0.749968,0.358423
2026-03-17,BRN Oct26,2026-08-26,61.62,0.799948,0.34373
2026-03-17,BRN Oct26,2026-08-26,65.48,0.850058,0.331796
2026-03-17,BRN Oct26,2026-08-26,69.33,0.900039,0.322258
2026-03-17,BRN Oct26,2026-08-26,73.18,0.950019,0.314738
2026-03-17,BRN Oct26,2026-08-26,77.03,1.0,0.308954
2026-03-17,BRN Oct26,2026-08-26,80.88,1.049981,0.304671
2026-03-17,BRN Oct26,2026-08-26,84.73,1.099961,0.301695
2026-03-17,BRN Oct26,2026-08-26,88.58,1.149942,0.299862
2026-03-17,BRN Oct26,2026-08-26,92.44,1.200052,0.299031
2026-03-17,BRN Oct26,2026-08-26,96.29,1.250032,0.299088
2026-03-18,BRN Oct26,2026-08-26,57.85,0.750032,0.361777
2026-03-18,BRN Oct26,2026-08-26,61.7,0.799948,0.347105
2026-03-18,BRN Oct26,2026-08-26,65.56,0.849994,0.335185
2026-03-18,BRN Oct26,2026-08-26,69.42,0.900039,0.325633
2026-03-18,BRN Oct26,2026-08-26,73.27,0.949955,0.318122
2026-03-18,BRN Oct26,2026-08-26,77.13,1.0,0.312329
2026-03-18,BRN Oct26,2026-08-26,80.99,1.050045,0.308042
2026-03-18,BRN Oct26,2026-08-26,84.84,1.099961,0.305071
2026-03-18,BRN Oct26,2026-08-26,88.7,1.150006,0.303236
2026-03-18,BRN Oct26,2026-08-26,92.56,1.200052,0.302407
2026-03-18,BRN Oct26,2026-08-26,96.41,1.249968,0.302462
2026-03-19,BRN Oct26,2026-08-26,59.01,0.75,0.362868
2026-03-19,BRN Oct26,2026-08-26,62.94,0.799949,0.348185
2026-03-19,BRN Oct26,2026-08-26,66.88,0.850025,0.336259
2026-03-19,BRN Oct26,2026-08-26,70.81,0.899975,0.326725
2026-03-19,BRN Oct26,2026-08-26,74.75,0.950051,0.319189
2026-03-19,BRN Oct26,2026-08-26,78.68,1.0,0.313409
2026-03-19,BRN Oct26,2026-08-26,82.61,1.049949,0.309129
2026-03-19,BRN Oct26,2026-08-26,86.55,1.100025,0.306148
2026-03-19,BRN Oct26,2026-08-26,90.48,1.149975,0.304317
2026-03-19,BRN Oct26,2026-08-26,94.42,1.200051,0.303487
2026-03-19,BRN Oct26,2026-08-26,98.35,1.25,0.303543
2026-03-20,BRN Oct26,2026-08-26,59.55,0.75,0.362372
2026-03-20,BRN Oct26,2026-08-26,63.52,0.8,0.347676
2026-03-20,BRN Oct26,2026-08-26,67.49,0.85,0.335768
2026-03-20,BRN Oct26,2026-08-26,71.46,0.9,0.326225
2026-03-20,BRN Oct26,2026-08-26,75.43,0.95,0.3187
2026-03-20,BRN Oct26,2026-08-26,79.4,1.0,0.312913
2026-03-20,BRN Oct26,2026-08-26,83.37,1.05,0.308629
2026-03-20,BRN Oct26,2026-08-26,87.34,1.1,0.305653
2026-03-20,BRN Oct26,2026-08-26,91.31,1.15,0.303821
2026-03-20,BRN Oct26,2026-08-26,95.28,1.2,0.302992
2026-03-20,BRN Oct26,2026-08-26,99.25,1.25,0.303047
2026-03-23,BRN Oct26,2026-08-26,58.68,0.75,0.363331
2026-03-23,BRN Oct26,2026-08-26,62.59,0.799974,0.348642
2026-03-23,BRN Oct26,2026-08-26,66.5,0.849949,0.336738
2026-03-23,BRN Oct26,2026-08-26,70.42,0.900051,0.327175
2026-03-23,BRN Oct26,2026-08-26,74.33,0.950026,0.319656
2026-03-23,BRN Oct26,2026-08-26,78.24,1.0,0.313872
2026-03-23,BRN Oct26,2026-08-26,82.15,1.049974,0.30959
2026-03-23,BRN Oct26,2026-08-26,86.06,1.099949,0.306615
2026-03-23,BRN Oct26,2026-08-26,89.98,1.150051,0.304778
2026-03-23,BRN Oct26,2026-08-26,93.89,1.200026,0.30395
2026-03-23,BRN Oct26,2026-08-26,97.8,1.25,0.304006
2026-03-24,BRN Oct26,2026-08-26,59.06,0.749968,0.369078
2026-03-24,BRN Oct26,2026-08-26,63.0,0.8,0.354372
2026-03-24,BRN Oct26,2026-08-26,66.94,0.850032,0.342457
2026-03-24,BRN Oct26,2026-08-26,70.88,0.900063,0.33291
2026-03-24,BRN Oct26,2026-08-26,74.81,0.949968,0.3254
2026-03-24,BRN Oct26,2026-08-26,78.75,1.0,0.319609
2026-03-24,BRN Oct26,2026-08-26,82.69,1.050032,0.315323
2026-03-24,BRN Oct26,2026-08-26,86.62,1.099937,0.312352
2026-03-24,BRN Oct26,2026-08-26,90.56,1.149968,0.310517
2026-03-24,BRN Oct26,2026-08-26,94.5,1.2,0.309687
2026-03-24,BRN Oct26,2026-08-26,98.44,1.250032,0.309743
2026-03-25,BRN Oct26,2026-08-26,58.12,0.750032,0.375
2026-03-25,BRN Oct26,2026-08-26,61.99,0.799974,0.360321
2026-03-25,BRN Oct26,2026-08-26,65.87,0.850045,0.348397
2026-03-25,BRN Oct26,2026-08-26,69.74,0.899987,0.338865
2026-03-25,BRN Oct26,2026-08-26,73.62,0.950058,0.331331
2026-03-25,BRN Oct26,2026-08-26,77.49,1.0,0.325552
2026-03-25,BRN Oct26,2026-08-26,81.36,1.049942,0.321272
2026-03-25,BRN Oct26,2026-08-26,85.24,1.100013,0.318291
2026-03-25,BRN Oct26,2026-08-26,89.11,1.149955,0.31646
2026-03-25,BRN Oct26,2026-08-26,92.99,1.200026,0.31563
2026-03-25,BRN Oct26,2026-08-26,96.86,1.249968,0.315685
2026-03-26,BRN Oct26,2026-08-26,58.95,0.75,0.374752
2026-03-26,BRN Oct26,2026-08-26,62.88,0.8,0.360056
2026-03-26,BRN Oct26,2026-08-26,66.81,0.85,0.348148
2026-03-26,BRN Oct26,2026-08-26,70.74,0.9,0.338605
2026-03-26,BRN Oct26,2026-08-26,74.67,0.95,0.331081
2026-03-26,BRN Oct26,2026-08-26,78.6,1.0,0.325293
2026-03-26,BRN Oct26,2026-08-26,82.53,1.05,0.32101
2026-03-26,BRN Oct26,2026-08-26,86.46,1.1,0.318033
2026-03-26,BRN Oct26,2026-08-26,90.39,1.15,0.316201
2026-03-26,BRN Oct26,2026-08-26,94.32,1.2,0.315372
2026-03-26,BRN Oct26,2026-08-26,98.25,1.25,0.315427
2026-03-27,BRN Oct26,2026-08-26,58.85,0.749968,0.374784
2026-03-27,BRN Oct26,2026-08-26,62.78,0.800051,0.360064
2026-03-27,BRN Oct26,2026-08-26,66.7,0.850006,0.348169
2026-03-27,BRN Oct26,2026-08-26,70.62,0.899962,0.338633
2026-03-27,BRN Oct26,2026-08-26,74.55,0.950045,0.331096
2026-03-27,BRN Oct26,2026-08-26,78.47,1.0,0.325315
2026-03-27,BRN Oct26,2026-08-26,82.39,1.049955,0.321035
2026-03-27,BRN Oct26,2026-08-26,86.32,1.100038,0.318053
2026-03-27,BRN Oct26,2026-08-26,90.24,1.149994,0.316223
2026-03-27,BRN Oct26,2026-08-26,94.16,1.199949,0.315394
2026-03-27,BRN Oct26,2026-08-26,98.09,1.250032,0.315449
2026-03-30,BRN Oct26,2026-08-26,58.6,0.749936,0.377564
2026-03-30,BRN Oct26,2026-08-26,62.51,0.799974,0.362854
2026-03-30,BRN Oct26,2026-08-26,66.42,0.850013,0.350937
2026-03-30,BRN Oct26,2026-08-26,70.33,0.900051,0.341387
2026-03-30,BRN Oct26,2026-08-26,74.23,0.949962,0.333877
2026-03-30,BRN Oct26,2026-08-26,78.14,1.0,0.328084
2026-03-30,BRN Oct26,2026-08-26,82.05,1.050038,0.323798
2026-03-30,BRN Oct26,2026-08-26,85.95,1.099949,0.320827
2026-03-30,BRN Oct26,2026-08-26,89.86,1.149987,0.318992
2026-03-30,BRN Oct26,2026-08-26,93.77,1.200026,0.318162
2026-03-30,BRN Oct26,2026-08-26,97.68,1.250064,0.318219
2026-03-31,BRN Oct26,2026-08-26,57.88,0.750032,0.374453
2026-03-31,BRN Oct26,2026-08-26,61.74,0.800052,0.359754
2026-03-31,BRN Oct26,2026-08-26,65.59,0.849942,0.347872
2026-03-31,BRN Oct26,2026-08-26,69.45,0.899961,0.338323
2026-03-31,BRN Oct26,2026-08-26,73.31,0.949981,0.330795
2026-03-31,BRN Oct26,2026-08-26,77.17,1.0,0.325005
2026-03-31,BRN Oct26,2026-08-26,81.03,1.050019,0.32072
2026-03-31,BRN Oct26,2026-08-26,84.89,1.100039,0.317743
2026-03-31,BRN Oct26,2026-08-26,88.75,1.150058,0.315911
2026-03-31,BRN Oct26,2026-08-26,92.6,1.199948,0.315083
2026-03-31,BRN Oct26,2026-08-26,96.46,1.249968,0.315139
2026-04-01,BRN Oct26,2026-08-26,59.07,0.75,0.375012
2026-04-01,BRN Oct26,2026-08-26,63.01,0.800025,0.36031
2026-04-01,BRN Oct26,2026-08-26,66.95,0.850051,0.348398
2026-04-01,BRN Oct26,2026-08-26,70.88,0.899949,0.338874
2026-04-01,BRN Oct26,2026-08-26,74.82,0.949975,0.331344
2026-04-01,BRN Oct26,2026-08-26,78.76,1.0,0.325554
2026-04-01,BRN Oct26,2026-08-26,82.7,1.050025,0.321268
2026-04-01,BRN Oct26,2026-08-26,86.64,1.100051,0.318292
2026-04-01,BRN Oct26,2026-08-26,90.57,1.149949,0.316462
2026-04-01,BRN Oct26,2026-08-26,94.51,1.199975,0.315632
2026-04-01,BRN Oct26,2026-08-26,98.45,1.25,0.315688
2026-04-02,BRN Oct26,2026-08-26,58.94,0.750064,0.374448
2026-04-02,BRN Oct26,2026-08-26,62.86,0.799949,0.359786
2026-04-02,BRN Oct26,2026-08-26,66.79,0.849962,0.347873
2026-04-02,BRN Oct26,2026-08-26,70.72,0.899975,0.338325
2026-04-02,BRN Oct26,2026-08-26,74.65,0.949987,0.330799
2026-04-02,BRN Oct26,2026-08-26,78.58,1.0,0.32501
2026-04-02,BRN Oct26,2026-08-26,82.51,1.050013,0.320725
2026-04-02,BRN Oct26,2026-08-26,86.44,1.100025,0.317749
2026-04-02,BRN Oct26,2026-08-26,90.37,1.150038,0.315916
2026-04-02,BRN Oct26,2026-08-26,94.3,1.200051,0.315088
2026-04-02,BRN Oct26,2026-08-26,98.22,1.249936,0.315143
2026-04-03,BRN Oct26,2026-08-26,58.48,0.750032,0.374949
2026-04-03,BRN Oct26,2026-08-26,62.38,0.800051,0.36025
2026-04-03,BRN Oct26,2026-08-26,66.27,0.849942,0.348369
2026-04-03,BRN Oct26,2026-08-26,70.17,0.899962,0.338819
2026-04-03,BRN Oct26,2026-08-26,74.07,0.949981,0.331291
2026-04-03,BRN Oct26,2026-08-26,77.97,1.0,0.325501
2026-04-03,BRN Oct26,2026-08-26,81.87,1.050019,0.321216
2026-04-03,BRN Oct26,2026-08-26,85.77,1.100038,0.318239
2026-04-03,BRN Oct26,2026-08-26,89.67,1.150058,0.316407
2026-04-03,BRN Oct26,2026-08-26,93.56,1.199949,0.31558
2026-04-03,BRN Oct26,2026-08-26,97.46,1.249968,0.315635
2026-04-06,BRN Oct26,2026-08-26,58.04,0.749968,0.372005
2026-04-06,BRN Oct26,2026-08-26,61.91,0.799974,0.357306
2026-04-06,BRN Oct26,2026-08-26,65.78,0.849981,0.345395
2026-04-06,BRN Oct26,2026-08-26,69.65,0.899987,0.33585
2026-04-06,BRN Oct26,2026-08-26,73.52,0.949994,0.328324
2026-04-06,BRN Oct26,2026-08-26,77.39,1.0,0.322536
2026-04-06,BRN Oct26,2026-08-26,81.26,1.050006,0.318252
2026-04-06,BRN Oct26,2026-08-26,85.13,1.100013,0.315275
2026-04-06,BRN Oct26,2026-08-26,89.0,1.150019,0.313443
2026-04-06,BRN Oct26,2026-08-26,92.87,1.200026,0.312614
2026-04-06,BRN Oct26,2026-08-26,96.74,1.250032,0.31267
2026-04-07,BRN Oct26,2026-08-26,58.55,0.749968,0.36686
2026-04-07,BRN Oct26,2026-08-26,62.46,0.800051,0.35214
2026-04-07,BRN Oct26,2026-08-26,66.36,0.850006,0.340245
2026-04-07,BRN Oct26,2026-08-26,70.26,0.899962,0.330709
2026-04-07,BRN Oct26,2026-08-26,74.17,0.950045,0.323172
2026-04-07,BRN Oct26,2026-08-26,78.07,1.0,0.317391
2026-04-07,BRN Oct26,2026-08-26,81.97,1.049955,0.313111
2026-04-07,BRN Oct26,2026-08-26,85.88,1.100038,0.310129
2026-04-07,BRN Oct26,2026-08-26,89.78,1.149994,0.308299
2026-04-07,BRN Oct26,2026-08-26,93.68,1.199949,0.30747
2026-04-07,BRN Oct26,2026-08-26,97.59,1.250032,0.307525
2026-04-08,BRN Oct26,2026-08-26,58.95,0.75,0.360409
2026-04-08,BRN Oct26,2026-08-26,62.88,0.8,0.345713
2026-04-08,BRN Oct26,2026-08-26,66.81,0.85,0.333806
2026-04-08,BRN Oct26,2026-08-26,70.74,0.9,0.324262
2026-04-08,BRN Oct26,2026-08-26,74.67,0.95,0.316738
2026-04-08,BRN Oct26,2026-08-26,78.6,1.0,0.310951
2026-04-08,BRN Oct26,2026-08-26,82.53,1.05,0.306667
2026-04-08,BRN Oct26,2026-08-26,86.46,1.1,0.303691
2026-04-08,BRN Oct26,2026-08-26,90.39,1.15,0.301858
2026-04-08,BRN Oct26,2026-08-26,94.32,1.2,0.301029
2026-04-08,BRN Oct26,2026-08-26,98.25,1.25,0.301085
2026-04-09,BRN Oct26,2026-08-26,59.42,0.749968,0.357039
2026-04-09,BRN Oct26,2026-08-26,63.38,0.79995,0.342346
2026-04-09,BRN Oct26,2026-08-26,67.35,0.850057,0.330413
2026-04-09,BRN Oct26,2026-08-26,71.31,0.900038,0.320875
2026-04-09,BRN Oct26,2026-08-26,75.27,0.950019,0.313355
2026-04-09,BRN Oct26,2026-08-26,79.23,1.0,0.30757
2026-04-09,BRN Oct26,2026-08-26,83.19,1.049981,0.303287
2026-04-09,BRN Oct26,2026-08-26,87.15,1.099962,0.300312
2026-04-09,BRN Oct26,2026-08-26,91.11,1.149943,0.298479
2026-04-09,BRN Oct26,2026-08-26,95.08,1.20005,0.297648
2026-04-09,BRN Oct26,2026-08-26,99.04,1.250032,0.297704
2026-04-10,BRN Oct26,2026-08-26,59.96,0.749969,0.355735
2026-04-10,BRN Oct26,2026-08-26,63.96,0.8,0.341029
2026-04-10,BRN Oct26,2026-08-26,67.96,0.850031,0.329115
2026-04-10,BRN Oct26,2026-08-26,71.96,0.900063,0.319567
2026-04-10,BRN Oct26,2026-08-26,75.95,0.949969,0.312058
2026-04-10,BRN Oct26,2026-08-26,79.95,1.0,0.306267
2026-04-10,BRN Oct26,2026-08-26,83.95,1.050031,0.301981
2026-04-10,BRN Oct26,2026-08-26,87.94,1.099937,0.29901
2026-04-10,BRN Oct26,2026-08-26,91.94,1.149969,0.297175
2026-04-10,BRN Oct26,2026-08-26,95.94,1.2,0.296345
2026-04-10,BRN Oct26,2026-08-26,99.94,1.250031,0.296401
2026-04-13,BRN Oct26,2026-08-26,62.39,0.75006,0.354938
2026-04-13,BRN Oct26,2026-08-26,66.54,0.799952,0.340275
2026-04-13,BRN Oct26,2026-08-26,70.7,0.849964,0.328362
2026-04-13,BRN Oct26,2026-08-26,74.86,0.899976,0.318815
2026-04-13,BRN Oct26,2026-08-26,79.02,0.949988,0.311288
2026-04-13,BRN Oct26,2026-08-26,83.18,1.0,0.305499
2026-04-13,BRN Oct26,2026-08-26,87.34,1.050012,0.301214
2026-04-13,BRN Oct26,2026-08-26,91.5,1.100024,0.298238
2026-04-13,BRN Oct26,2026-08-26,95.66,1.150036,0.296405
2026-04-13,BRN Oct26,2026-08-26,99.82,1.200048,0.295577
2026-04-13,BRN Oct26,2026-08-26,103.98,1.25006,0.295634
2026-04-14,BRN Oct26,2026-08-26,61.94,0.750061,0.360885
2026-04-14,BRN Oct26,2026-08-26,66.06,0.799952,0.346221
2026-04-14,BRN Oct26,2026-08-26,70.19,0.849964,0.334309
2026-04-14,BRN Oct26,2026-08-26,74.32,0.899976,0.324761
2026-04-14,BRN Oct26,2026-08-26,78.45,0.949988,0.317235
2026-04-14,BRN Oct26,2026-08-26,82.58,1.0,0.311446
2026-04-14,BRN Oct26,2026-08-26,86.71,1.050012,0.307161
2026-04-14,BRN Oct26,2026-08-26,90.84,1.100024,0.304185
2026-04-14,BRN Oct26,2026-08-26,94.97,1.150036,0.302352
2026-04-14,BRN Oct26,2026-08-26,99.1,1.200048,0.301524
2026-04-14,BRN Oct26,2026-08-26,103.22,1.249939,0.301579
2026-04-15,BRN Oct26,2026-08-26,61.31,0.749969,0.364189
2026-04-15,BRN Oct26,2026-08-26,65.4,0.8,0.349483
2026-04-15,BRN Oct26,2026-08-26,69.49,0.850031,0.337569
2026-04-15,BRN Oct26,2026-08-26,73.58,0.900061,0.328021
2026-04-15,BRN Oct26,2026-08-26,77.66,0.949969,0.320512
2026-04-15,BRN Oct26,2026-08-26,81.75,1.0,0.314721
2026-04-15,BRN Oct26,2026-08-26,85.84,1.050031,0.310434
2026-04-15,BRN Oct26,2026-08-26,89.93,1.100061,0.307458
2026-04-15,BRN Oct26,2026-08-26,94.01,1.149969,0.305629
2026-04-15,BRN Oct26,2026-08-26,98.1,1.2,0.304799
2026-04-15,BRN Oct26,2026-08-26,102.19,1.250031,0.304855
2026-04-16,BRN Oct26,2026-08-26,60.32,0.749969,0.361161
2026-04-16,BRN Oct26,2026-08-26,64.34,0.79995,0.346468
2026-04-16,BRN Oct26,2026-08-26,68.37,0.850056,0.334536
2026-04-16,BRN Oct26,2026-08-26,72.39,0.900037,0.324998
2026-04-16,BRN Oct26,2026-08-26,76.41,0.950019,0.317477
2026-04-16,BRN Oct26,2026-08-26,80.43,1.0,0.311693
2026-04-16,BRN Oct26,2026-08-26,84.45,1.049981,0.30741
2026-04-16,BRN Oct26,2026-08-26,88.47,1.099963,0.304434
2026-04-16,BRN Oct26,2026-08-26,92.49,1.149944,0.302601
2026-04-16,BRN Oct26,2026-08-26,96.52,1.20005,0.30177
2026-04-16,BRN Oct26,2026-08-26,100.54,1.250031,0.301827
2026-04-17,BRN Oct26,2026-08-26,60.98,0.749969,0.362153
2026-04-17,BRN Oct26,2026-08-26,65.05,0.800025,0.347441
2026-04-17,BRN Oct26,2026-08-26,69.11,0.849957,0.335549
2026-04-17,BRN Oct26,2026-08-26,73.18,0.900012,0.325994
2026-04-17,BRN Oct26,2026-08-26,77.24,0.949945,0.318479
2026-04-17,BRN Oct26,2026-08-26,81.31,1.0,0.312685
2026-04-17,BRN Oct26,2026-08-26,85.38,1.050055,0.308397
2026-04-17,BRN Oct26,2026-08-26,89.44,1.099988,0.305426
2026-04-17,BRN Oct26,2026-08-26,93.51,1.150043,0.303591
2026-04-17,BRN Oct26,2026-08-26,97.57,1.199975,0.302763
2026-04-17,BRN Oct26,2026-08-26,101.64,1.250031,0.302819
2026-04-20,BRN Oct26,2026-08-26,62.16,0.75,0.360842
2026-04-20,BRN Oct26,2026-08-26,66.3,0.799952,0.346159
2026-04-20,BRN Oct26,2026-08-26,70.45,0.850024,0.334233
2026-04-20,BRN Oct26,2026-08-26,74.59,0.899976,0.324699
2026-04-20,BRN Oct26,2026-08-26,78.74,0.950048,0.317164
2026-04-20,BRN Oct26,2026-08-26,82.88,1.0,0.311383
2026-04-20,BRN Oct26,2026-08-26,87.02,1.049952,0.307103
2026-04-20,BRN Oct26,2026-08-26,91.17,1.100024,0.304122
2026-04-20,BRN Oct26,2026-08-26,95.31,1.149976,0.302291
2026-04-20,BRN Oct26,2026-08-26,99.46,1.200048,0.301461
2026-04-20,BRN Oct26,2026-08-26,103.6,1.25,0.301517
2026-04-21,BRN Oct26,2026-08-26,62.01,0.75,0.359947
2026-04-21,BRN Oct26,2026-08-26,66.14,0.799952,0.345264
2026-04-21,BRN Oct26,2026-08-26,70.28,0.850024,0.333338
2026-04-21,BRN Oct26,2026-08-26,74.41,0.899976,0.323804
2026-04-21,BRN Oct26,2026-08-26,78.55,0.950048,0.316269
2026-04-21,BRN Oct26,2026-08-26,82.68,1.0,0.310489
2026-04-21,BRN Oct26,2026-08-26,86.81,1.049952,0.306208
2026-04-21,BRN Oct26,2026-08-26,90.95,1.100024,0.303227
2026-04-21,BRN Oct26,2026-08-26,95.08,1.149976,0.301396
2026-04-21,BRN Oct26,2026-08-26,99.22,1.200048,0.300566
2026-04-21,BRN Oct26,2026-08-26,103.35,1.25,0.300623
2026-04-22,BRN Oct26,2026-08-26,61.06,0.749939,0.360508
2026-04-22,BRN Oct26,2026-08-26,65.14,0.800049,0.34578
2026-04-22,BRN Oct26,2026-08-26,69.21,0.850037,0.333877
2026-04-22,BRN Oct26,2026-08-26,73.28,0.900025,0.324337
2026-04-22,BRN Oct26,2026-08-26,77.35,0.950012,0.316815
2026-04-22,BRN Oct26,2026-08-26,81.42,1.0,0.31103
2026-04-22,BRN Oct26,2026-08-26,85.49,1.049988,0.306747
2026-04-22,BRN Oct26,2026-08-26,89.56,1.099975,0.303771
2026-04-22,BRN Oct26,2026-08-26,93.63,1.149963,0.301938
2026-04-22,BRN Oct26,2026-08-26,97.7,1.199951,0.301108
2026-04-22,BRN Oct26,2026-08-26,101.78,1.250061,0.301164
2026-04-23,BRN Oct26,2026-08-26,60.18,0.75,0.362315
2026-04-23,BRN Oct26,2026-08-26,64.19,0.799975,0.347626
2026-04-23,BRN Oct26,2026-08-26,68.2,0.84995,0.335722
2026-04-23,BRN Oct26,2026-08-26,72.22,0.90005,0.326159
2026-04-23,BRN Oct26,2026-08-26,76.23,0.950025,0.31864
2026-04-23,BRN Oct26,2026-08-26,80.24,1.0,0.312857
2026-04-23,BRN Oct26,2026-08-26,84.25,1.049975,0.308574
2026-04-23,BRN Oct26,2026-08-26,88.26,1.09995,0.305599
2026-04-23,BRN Oct26,2026-08-26,92.28,1.15005,0.303762
2026-04-23,BRN Oct26,2026-08-26,96.29,1.200025,0.302935
2026-04-23,BRN Oct26,2026-08-26,100.3,1.25,0.30299
2026-04-24,BRN Oct26,2026-08-26,60.92,0.750062,0.361192
2026-04-24,BRN Oct26,2026-08-26,64.98,0.800049,0.346503
2026-04-24,BRN Oct26,2026-08-26,69.04,0.850037,0.3346
2026-04-24,BRN Oct26,2026-08-26,73.1,0.900025,0.32506
2026-04-24,BRN Oct26,2026-08-26,77.16,0.950012,0.317539
2026-04-24,BRN Oct26,2026-08-26,81.22,1.0,0.311753
2026-04-24,BRN Oct26,2026-08-26,85.28,1.049988,0.30747
2026-04-24,BRN Oct26,2026-08-26,89.34,1.099975,0.304494
2026-04-24,BRN Oct26,2026-08-26,93.4,1.149963,0.302661
2026-04-24,BRN Oct26,2026-08-26,97.46,1.199951,0.301832
2026-04-24,BRN Oct26,2026-08-26,101.52,1.249938,0.301886
2026-04-27,BRN Oct26,2026-08-26,61.72,0.75003,0.364341
2026-04-27,BRN Oct26,2026-08-26,65.83,0.799976,0.349661
2026-04-27,BRN Oct26,2026-08-26,69.95,0.850043,0.337738
2026-04-27,BRN Oct26,2026-08-26,74.06,0.899988,0.328205
2026-04-27,BRN Oct26,2026-08-26,78.18,0.950055,0.320672
2026-04-27,BRN Oct26,2026-08-26,82.29,1.0,0.314892
2026-04-27,BRN Oct26,2026-08-26,86.4,1.049945,0.310612
2026-04-27,BRN Oct26,2026-08-26,90.52,1.100012,0.307631
2026-04-27,BRN Oct26,2026-08-26,94.63,1.149957,0.3058
2026-04-27,BRN Oct26,2026-08-26,98.75,1.200024,0.30497
2026-04-27,BRN Oct26,2026-08-26,102.86,1.24997,0.305026
2026-04-28,BRN Oct26,2026-08-26,62.3,0.75006,0.360758
2026-04-28,BRN Oct26,2026-08-26,66.45,0.800024,0.346076
2026-04-28,BRN Oct26,2026-08-26,70.6,0.849988,0.334177
2026-04-28,BRN Oct26,2026-08-26,74.75,0.899952,0.324639
2026-04-28,BRN Oct26,2026-08-26,78.91,0.950036,0.317102
2026-04-28,BRN Oct26,2026-08-26,83.06,1.0,0.311319
2026-04-28,BRN Oct26,2026-08-26,87.21,1.049964,0.307038
2026-04-28,BRN Oct26,2026-08-26,91.37,1.100048,0.304057
2026-04-28,BRN Oct26,2026-08-26,95.52,1.150012,0.302226
2026-04-28,BRN Oct26,2026-08-26,99.67,1.199976,0.301398
2026-04-28,BRN Oct26,2026-08-26,103.82,1.24994,0.301453
2026-04-29,BRN Oct26,2026-08-26,61.52,0.750061,0.360738
2026-04-29,BRN Oct26,2026-08-26,65.62,0.800049,0.346049
2026-04-29,BRN Oct26,2026-08-26,69.72,0.850037,0.334146
2026-04-29,BRN Oct26,2026-08-26,73.82,0.900024,0.324606
2026-04-29,BRN Oct26,2026-08-26,77.92,0.950012,0.317084
2026-04-29,BRN Oct26,2026-08-26,82.02,1.0,0.311299
2026-04-29,BRN Oct26,2026-08-26,86.12,1.049988,0.307016
2026-04-29,BRN Oct26,2026-08-26,90.22,1.099976,0.30404
2026-04-29,BRN Oct26,2026-08-26,94.32,1.149963,0.302207
2026-04-29,BRN Oct26,2026-08-26,98.42,1.199951,0.301377
2026-04-29,BRN Oct26,2026-08-26,102.52,1.249939,0.301432
2026-04-30,BRN Oct26,2026-08-26,61.69,0.75003,0.368502
2026-04-30,BRN Oct26,2026-08-26,65.8,0.8,0.353816
2026-04-30,BRN Oct26,2026-08-26,69.91,0.84997,0.341914
2026-04-30,BRN Oct26,2026-08-26,74.03,0.900061,0.332354
2026-04-30,BRN Oct26,2026-08-26,78.14,0.95003,0.324836
2026-04-30,BRN Oct26,2026-08-26,82.25,1.0,0.319053
2026-04-30,BRN Oct26,2026-08-26,86.36,1.04997,0.314771
2026-04-30,BRN Oct26,2026-08-26,90.48,1.100061,0.31179
2026-04-30,BRN Oct26,2026-08-26,94.59,1.15003,0.309959
2026-04-30,BRN Oct26,2026-08-26,98.7,1.2,0.309131
2026-04-30,BRN Oct26,2026-08-26,102.81,1.24997,0.309187
2026-05-01,BRN Oct26,2026-08-26,61.8,0.75,0.368909
2026-05-01,BRN Oct26,2026-08-26,65.92,0.8,0.354213
2026-05-01,BRN Oct26,2026-08-26,70.04,0.85,0.342306
2026-05-01,BRN Oct26,2026-08-26,74.16,0.9,0.332762
2026-05-01,BRN Oct26,2026-08-26,78.28,0.95,0.325238
2026-05-01,BRN Oct26,2026-08-26,82.4,1.0,0.319451
2026-05-01,BRN Oct26,2026-08-26,86.52,1.05,0.315167
2026-05-01,BRN Oct26,2026-08-26,90.64,1.1,0.312191
2026-05-01,BRN Oct26,2026-08-26,94.76,1.15,0.310358
2026-05-01,BRN Oct26,2026-08-26,98.88,1.2,0.309529
2026-05-01,BRN Oct26,2026-08-26,103.0,1.25,0.309585
2026-05-04,BRN Oct26,2026-08-26,62.04,0.75,0.372925
2026-05-04,BRN Oct26,2026-08-26,66.18,0.800048,0.358217
2026-05-04,BRN Oct26,2026-08-26,70.31,0.849976,0.346327
2026-05-04,BRN Oct26,2026-08-26,74.45,0.900024,0.336774
2026-05-04,BRN Oct26,2026-08-26,78.58,0.949952,0.32926
2026-05-04,BRN Oct26,2026-08-26,82.72,1.0,0.323467
2026-05-04,BRN Oct26,2026-08-26,86.86,1.050048,0.319179
2026-05-04,BRN Oct26,2026-08-26,90.99,1.099976,0.316208
2026-05-04,BRN Oct26,2026-08-26,95.13,1.150024,0.314373
2026-05-04,BRN Oct26,2026-08-26,99.26,1.199952,0.313545
2026-05-04,BRN Oct26,2026-08-26,103.4,1.25,0.313601
2026-05-05,BRN Oct26,2026-08-26,63.08,0.74997,0.372805
2026-05-05,BRN Oct26,2026-08-26,67.29,0.800024,0.358094
2026-05-05,BRN Oct26,2026-08-26,71.49,0.849958,0.346201
2026-05-05,BRN Oct26,2026-08-26,75.7,0.900012,0.336647
2026-05-05,BRN Oct26,2026-08-26,79.9,0.949946,0.329131
2026-05-05,BRN Oct26,2026-08-26,84.11,1.0,0.323337
2026-05-05,BRN Oct26,2026-08-26,88.32,1.050054,0.31905
2026-05-05,BRN Oct26,2026-08-26,92.52,1.099988,0.316078
2026-05-05,BRN Oct26,2026-08-26,96.73,1.150042,0.314243
2026-05-05,BRN Oct26,2026-08-26,100.93,1.199976,0.313416
2026-05-05,BRN Oct26,2026-08-26,105.14,1.25003,0.313471
2026-05-06,BRN Oct26,2026-08-26,63.33,0.75,0.374138
2026-05-06,BRN Oct26,2026-08-26,67.55,0.799976,0.359448
2026-05-06,BRN Oct26,2026-08-26,71.77,0.849953,0.347545
2026-05-06,BRN Oct26,2026-08-26,76.0,0.900047,0.337983
2026-05-06,BRN Oct26,2026-08-26,80.22,0.950024,0.330463
2026-05-06,BRN Oct26,2026-08-26,84.44,1.0,0.32468
2026-05-06,BRN Oct26,2026-08-26,88.66,1.049976,0.320397
2026-05-06,BRN Oct26,2026-08-26,92.88,1.099953,0.317422
2026-05-06,BRN Oct26,2026-08-26,97.11,1.150047,0.315585
2026-05-06,BRN Oct26,2026-08-26,101.33,1.200024,0.314757
2026-05-06,BRN Oct26,2026-08-26,105.55,1.25,0.314813
2026-05-07,BRN Oct26,2026-08-26,64.13,0.749971,0.373537
2026-05-07,BRN Oct26,2026-08-26,68.41,0.800023,0.358825
2026-05-07,BRN Oct26,2026-08-26,72.68,0.849959,0.346932
2026-05-07,BRN Oct26,2026-08-26,76.96,0.900012,0.337378
2026-05-07,BRN Oct26,2026-08-26,81.23,0.949947,0.329863
2026-05-07,BRN Oct26,2026-08-26,85.51,1.0,0.324069
2026-05-07,BRN Oct26,2026-08-26,89.79,1.050053,0.319781
2026-05-07,BRN Oct26,2026-08-26,94.06,1.099988,0.316809
2026-05-07,BRN Oct26,2026-08-26,98.34,1.150041,0.314975
2026-05-07,BRN Oct26,2026-08-26,102.61,1.199977,0.314147
2026-05-07,BRN Oct26,2026-08-26,106.89,1.250029,0.314203
2026-05-08,BRN Oct26,2026-08-26,64.18,0.750029,0.372584
2026-05-08,BRN Oct26,2026-08-26,68.46,0.800047,0.357886
2026-05-08,BRN Oct26,2026-08-26,72.73,0.849947,0.346002
2026-05-08,BRN Oct26,2026-08-26,77.01,0.899965,0.336453
2026-05-08,BRN Oct26,2026-08-26,81.29,0.949982,0.328925
2026-05-08,BRN Oct26,2026-08-26,85.57,1.0,0.323135
2026-05-08,BRN Oct26,2026-08-26,89.85,1.050018,0.31885
2026-05-08,BRN Oct26,2026-08-26,94.13,1.100035,0.315874
2026-05-08,BRN Oct26,2026-08-26,98.41,1.150053,0.314041
2026-05-08,BRN Oct26,2026-08-26,102.68,1.199953,0.313214
2026-05-08,BRN Oct26,2026-08-26,106.96,1.249971,0.313269
2026-05-11,BRN Oct26,2026-08-26,64.44,0.75,0.369861
2026-05-11,BRN Oct26,2026-08-26,68.74,0.800047,0.355153
2026-05-11,BRN Oct26,2026-08-26,73.03,0.849977,0.343263
2026-05-11,BRN Oct26,2026-08-26,77.33,0.900023,0.33371
2026-05-11,BRN Oct26,2026-08-26,81.62,0.949953,0.326196
2026-05-11,BRN Oct26,2026-08-26,85.92,1.0,0.320403
2026-05-11,BRN Oct26,2026-08-26,90.22,1.050047,0.316116
2026-05-11,BRN Oct26,2026-08-26,94.51,1.099977,0.313144
2026-05-11,BRN Oct26,2026-08-26,98.81,1.150023,0.31131
2026-05-11,BRN Oct26,2026-08-26,103.1,1.199953,0.310481
2026-05-11,BRN Oct26,2026-08-26,107.4,1.25,0.310537
2026-05-12,BRN Oct26,2026-08-26,65.11,0.749942,0.370859
2026-05-12,BRN Oct26,2026-08-26,69.46,0.800046,0.356132
2026-05-12,BRN Oct26,2026-08-26,73.8,0.850035,0.344229
2026-05-12,BRN Oct26,2026-08-26,78.14,0.900023,0.334689
2026-05-12,BRN Oct26,2026-08-26,82.48,0.950012,0.327167
2026-05-12,BRN Oct26,2026-08-26,86.82,1.0,0.321382
2026-05-12,BRN Oct26,2026-08-26,91.16,1.049988,0.317099
2026-05-12,BRN Oct26,2026-08-26,95.5,1.099977,0.314123
2026-05-12,BRN Oct26,2026-08-26,99.84,1.149965,0.31229
2026-05-12,BRN Oct26,2026-08-26,104.18,1.199954,0.31146
2026-05-12,BRN Oct26,2026-08-26,108.52,1.249942,0.311515
2026-05-13,BRN Oct26,2026-08-26,63.43,0.75003,0.367935
2026-05-13,BRN Oct26,2026-08-26,67.66,0.800047,0.353236
2026-05-13,BRN Oct26,2026-08-26,71.88,0.849947,0.341352
2026-05-13,BRN Oct26,2026-08-26,76.11,0.899965,0.331803
2026-05-13,BRN Oct26,2026-08-26,80.34,0.949982,0.324275
2026-05-13,BRN Oct26,2026-08-26,84.57,1.0,0.318486
2026-05-13,BRN Oct26,2026-08-26,88.8,1.050018,0.314201
2026-05-13,BRN Oct26,2026-08-26,93.03,1.100035,0.311224
2026-05-13,BRN Oct26,2026-08-26,97.26,1.150053,0.309391
2026-05-13,BRN Oct26,2026-08-26,101.48,1.199953,0.308564
2026-05-13,BRN Oct26,2026-08-26,105.71,1.24997,0.308619
2026-05-14,BRN Oct26,2026-08-26,63.16,0.749941,0.369706
2026-05-14,BRN Oct26,2026-08-26,67.38,0.800047,0.354978
2026-05-14,BRN Oct26,2026-08-26,71.59,0.850036,0.343075
2026-05-14,BRN Oct26,2026-08-26,75.8,0.900024,0.333535
2026-05-14,BRN Oct26,2026-08-26,80.01,0.950012,0.326013
2026-05-14,BRN Oct26,2026-08-26,84.22,1.0,0.320228
2026-05-14,BRN Oct26,2026-08-26,88.43,1.049988,0.315945
2026-05-14,BRN Oct26,2026-08-26,92.64,1.099976,0.312969
2026-05-14,BRN Oct26,2026-08-26,96.85,1.149964,0.311136
2026-05-14,BRN Oct26,2026-08-26,101.06,1.199953,0.310306
2026-05-14,BRN Oct26,2026-08-26,105.28,1.250059,0.310362
2026-05-15,BRN Oct26,2026-08-26,62.6,0.75006,0.372616
2026-05-15,BRN Oct26,2026-08-26,66.77,0.800024,0.357933
2026-05-15,BRN Oct26,2026-08-26,70.94,0.849988,0.346034
2026-05-15,BRN Oct26,2026-08-26,75.11,0.899952,0.336496
2026-05-15,BRN Oct26,2026-08-26,79.29,0.950036,0.328959
2026-05-15,BRN Oct26,2026-08-26,83.46,1.0,0.323177
2026-05-15,BRN Oct26,2026-08-26,87.63,1.049964,0.318896
2026-05-15,BRN Oct26,2026-08-26,91.81,1.100048,0.315915
2026-05-15,BRN Oct26,2026-08-26,95.98,1.150012,0.314084
2026-05-15,BRN Oct26,2026-08-26,100.15,1.199976,0.313255
2026-05-15,BRN Oct26,2026-08-26,104.32,1.24994,0.31331
2026-05-18,BRN Oct26,2026-08-26,61.93,0.75003,0.37333
2026-05-18,BRN Oct26,2026-08-26,66.06,0.800048,0.358631
2026-05-18,BRN Oct26,2026-08-26,70.18,0.849946,0.346748
2026-05-18,BRN Oct26,2026-08-26,74.31,0.899964,0.337199
2026-05-18,BRN Oct26,2026-08-26,78.44,0.949982,0.329671
2026-05-18,BRN Oct26,2026-08-26,82.57,1.0,0.323881
2026-05-18,BRN Oct26,2026-08-26,86.7,1.050018,0.319596
2026-05-18,BRN Oct26,2026-08-26,90.83,1.100036,0.316619
2026-05-18,BRN Oct26,2026-08-26,94.96,1.150054,0.314787
2026-05-18,BRN Oct26,2026-08-26,99.08,1.199952,0.31396
2026-05-18,BRN Oct26,2026-08-26,103.21,1.24997,0.314015
2026-05-19,BRN Oct26,2026-08-26,61.58,0.74997,0.372074
2026-05-19,BRN Oct26,2026-08-26,65.69,0.800024,0.357362
2026-05-19,BRN Oct26,2026-08-26,69.79,0.849957,0.34547
2026-05-19,BRN Oct26,2026-08-26,73.9,0.900012,0.335915
2026-05-19,BRN Oct26,2026-08-26,78.0,0.949945,0.3284
2026-05-19,BRN Oct26,2026-08-26,82.11,1.0,0.322606
2026-05-19,BRN Oct26,2026-08-26,86.22,1.050055,0.318318
2026-05-19,BRN Oct26,2026-08-26,90.32,1.099988,0.315347
2026-05-19,BRN Oct26,2026-08-26,94.43,1.150043,0.313512
2026-05-19,BRN Oct26,2026-08-26,98.53,1.199976,0.312684
2026-05-19,BRN Oct26,2026-08-26,102.64,1.25003,0.31274
2026-05-20,BRN Oct26,2026-08-26,63.26,0.74997,0.373058
2026-05-20,BRN Oct26,2026-08-26,67.48,0.8,0.358352
2026-05-20,BRN Oct26,2026-08-26,71.7,0.85003,0.346438
2026-05-20,BRN Oct26,2026-08-26,75.91,0.899941,0.336911
2026-05-20,BRN Oct26,2026-08-26,80.13,0.94997,0.329381
2026-05-20,BRN Oct26,2026-08-26,84.35,1.0,0.32359
2026-05-20,BRN Oct26,2026-08-26,88.57,1.05003,0.319304
2026-05-20,BRN Oct26,2026-08-26,92.78,1.099941,0.316333
2026-05-20,BRN Oct26,2026-08-26,97.0,1.14997,0.314498
2026-05-20,BRN Oct26,2026-08-26,101.22,1.2,0.313668
2026-05-20,BRN Oct26,2026-08-26,105.44,1.25003,0.313724
2026-05-21,BRN Oct26,2026-08-26,62.31,0.75,0.371714
2026-05-21,BRN Oct26,2026-08-26,66.46,0.799952,0.357031
2026-05-21,BRN Oct26,2026-08-26,70.62,0.850024,0.345106
2026-05-21,BRN Oct26,2026-08-26,74.77,0.899976,0.335571
2026-05-21,BRN Oct26,2026-08-26,78.93,0.950048,0.328037
2026-05-21,BRN Oct26,2026-08-26,83.08,1.0,0.322256
2026-05-21,BRN Oct26,2026-08-26,87.23,1.049952,0.317976
2026-05-21,BRN Oct26,2026-08-26,91.39,1.100024,0.314995
2026-05-21,BRN Oct26,2026-08-26,95.54,1.149976,0.313164
2026-05-21,BRN Oct26,2026-08-26,99.7,1.200048,0.312334
2026-05-21,BRN Oct26,2026-08-26,103.85,1.25,0.31239
2026-05-22,BRN Oct26,2026-08-26,63.37,0.75003,0.374144
2026-05-22,BRN Oct26,2026-08-26,67.59,0.799976,0.359464
2026-05-22,BRN Oct26,2026-08-26,71.82,0.850041,0.347541
2026-05-22,BRN Oct26,2026-08-26,76.04,0.899988,0.338008
2026-05-22,BRN Oct26,2026-08-26,80.27,0.950053,0.330475
2026-05-22,BRN Oct26,2026-08-26,84.49,1.0,0.324695
2026-05-22,BRN Oct26,2026-08-26,88.71,1.049947,0.320415
2026-05-22,BRN Oct26,2026-08-26,92.94,1.100012,0.317434
2026-05-22,BRN Oct26,2026-08-26,97.16,1.149959,0.315603
2026-05-22,BRN Oct26,2026-08-26,101.39,1.200024,0.314773
2026-05-22,BRN Oct26,2026-08-26,105.61,1.24997,0.314829
2026-05-25,BRN Oct26,2026-08-26,61.5,0.75,0.368218
2026-05-25,BRN Oct26,2026-08-26,65.6,0.8,0.353523
2026-05-25,BRN Oct26,2026-08-26,69.7,0.85,0.341615
2026-05-25,BRN Oct26,2026-08-26,73.8,0.9,0.332071
2026-05-25,BRN Oct26,2026-08-26,77.9,0.95,0.324547
2026-05-25,BRN Oct26,2026-08-26,82.0,1.0,0.31876
2026-05-25,BRN Oct26,2026-08-26,86.1,1.05,0.314476
2026-05-25,BRN Oct26,2026-08-26,90.2,1.1,0.3115
2026-05-25,BRN Oct26,2026-08-26,94.3,1.15,0.309667
2026-05-25,BRN Oct26,2026-08-26,98.4,1.2,0.308838
2026-05-25,BRN Oct26,2026-08-26,102.5,1.25,0.308894
2026-05-26,BRN Oct26,2026-08-26,61.1,0.750061,0.366929
2026-05-26,BRN Oct26,2026-08-26,65.17,0.800025,0.352246
2026-05-26,BRN Oct26,2026-08-26,69.24,0.849988,0.340348
2026-05-26,BRN Oct26,2026-08-26,73.31,0.899951,0.33081
2026-05-26,BRN Oct26,2026-08-26,77.39,0.950037,0.323273
2026-05-26,BRN Oct26,2026-08-26,81.46,1.0,0.31749
2026-05-26,BRN Oct26,2026-08-26,85.53,1.049963,0.313209
2026-05-26,BRN Oct26,2026-08-26,89.61,1.100049,0.310228
2026-05-26,BRN Oct26,2026-08-26,93.68,1.150012,0.308397
2026-05-26,BRN Oct26,2026-08-26,97.75,1.199975,0.307569
2026-05-26,BRN Oct26,2026-08-26,101.82,1.249939,0.307624
2026-05-27,BRN Oct26,2026-08-26,61.28,0.749969,0.360762
2026-05-27,BRN Oct26,2026-08-26,65.37,0.800024,0.346049
2026-05-27,BRN Oct26,2026-08-26,69.45,0.849957,0.334157
2026-05-27,BRN Oct26,2026-08-26,73.54,0.900012,0.324602
2026-05-27,BRN Oct26,2026-08-26,77.62,0.949945,0.317088
2026-05-27,BRN Oct26,2026-08-26,81.71,1.0,0.311293
2026-05-27,BRN Oct26,2026-08-26,85.8,1.050055,0.307005
2026-05-27,BRN Oct26,2026-08-26,89.88,1.099988,0.304034
2026-05-27,BRN Oct26,2026-08-26,93.97,1.150043,0.302199
2026-05-27,BRN Oct26,2026-08-26,98.05,1.199976,0.301371
2026-05-27,BRN Oct26,2026-08-26,102.14,1.250031,0.301427
2026-05-28,BRN Oct26,2026-08-26,61.89,0.75,0.356228
2026-05-28,BRN Oct26,2026-08-26,66.02,0.800048,0.341519
2026-05-28,BRN Oct26,2026-08-26,70.14,0.849976,0.329629
2026-05-28,BRN Oct26,2026-08-26,74.27,0.900024,0.320076
2026-05-28,BRN Oct26,2026-08-26,78.39,0.949952,0.312563
2026-05-28,BRN Oct26,2026-08-26,82.52,1.0,0.306769
2026-05-28,BRN Oct26,2026-08-26,86.65,1.050048,0.302482
2026-05-28,BRN Oct26,2026-08-26,90.77,1.099976,0.29951
2026-05-28,BRN Oct26,2026-08-26,94.9,1.150024,0.297676
2026-05-28,BRN Oct26,2026-08-26,99.02,1.199952,0.296848
2026-05-28,BRN Oct26,2026-08-26,103.15,1.25,0.296903
2026-05-29,BRN Oct26,2026-08-26,62.61,0.75,0.360416
2026-05-29,BRN Oct26,2026-08-26,66.78,0.799952,0.345733
2026-05-29,BRN Oct26,2026-08-26,70.96,0.850024,0.333808
2026-05-29,BRN Oct26,2026-08-26,75.13,0.899976,0.324273
2026-05-29,BRN Oct26,2026-08-26,79.31,0.950048,0.316738
2026-05-29,BRN Oct26,2026-08-26,83.48,1.0,0.310958
2026-05-29,BRN Oct26,2026-08-26,87.65,1.049952,0.306677
2026-05-29,BRN Oct26,2026-08-26,91.83,1.100024,0.303697
2026-05-29,BRN Oct26,2026-08-26,96.0,1.149976,0.301865
2026-05-29,BRN Oct26,2026-08-26,100.18,1.200048,0.301035
2026-05-29,BRN Oct26,2026-08-26,104.35,1.25,0.301092
2026-06-01,BRN Oct26,2026-08-26,63.44,0.750059,0.363054
2026-06-01,BRN Oct26,2026-08-26,67.66,0.799953,0.34839
2026-06-01,BRN Oct26,2026-08-26,71.89,0.849965,0.336477
2026-06-01,BRN Oct26,2026-08-26,76.12,0.899976,0.32693
2026-06-01,BRN Oct26,2026-08-26,80.35,0.949988,0.319403
2026-06-01,BRN Oct26,2026-08-26,84.58,1.0,0.313615
2026-06-01,BRN Oct26,2026-08-26,88.81,1.050012,0.30933
2026-06-01,BRN Oct26,2026-08-26,93.04,1.100024,0.306353
2026-06-01,BRN Oct26,2026-08-26,97.27,1.150035,0.304521
2026-06-01,BRN Oct26,2026-08-26,101.5,1.200047,0.303692
2026-06-01,BRN Oct26,2026-08-26,105.72,1.249941,0.303748
2026-06-02,BRN Oct26,2026-08-26,63.05,0.74997,0.360816
2026-06-02,BRN Oct26,2026-08-26,67.26,0.800048,0.346098
2026-06-02,BRN Oct26,2026-08-26,71.46,0.850006,0.334201
2026-06-02,BRN Oct26,2026-08-26,75.66,0.899964,0.324665
2026-06-02,BRN Oct26,2026-08-26,79.87,0.950042,0.317129
2026-06-02,BRN Oct26,2026-08-26,84.07,1.0,0.311348
2026-06-02,BRN Oct26,2026-08-26,88.27,1.049958,0.307067
2026-06-02,BRN Oct26,2026-08-26,92.48,1.100036,0.304086
2026-06-02,BRN Oct26,2026-08-26,96.68,1.149994,0.302255
2026-06-02,BRN Oct26,2026-08-26,100.88,1.199952,0.301426
2026-06-02,BRN Oct26,2026-08-26,105.09,1.25003,0.301482
2026-06-03,BRN Oct26,2026-08-26,62.61,0.75,0.356258
2026-06-03,BRN Oct26,2026-08-26,66.78,0.799952,0.341575
2026-06-03,BRN Oct26,2026-08-26,70.96,0.850024,0.32965
2026-06-03,BRN Oct26,2026-08-26,75.13,0.899976,0.320115
2026-06-03,BRN Oct26,2026-08-26,79.31,0.950048,0.31258
2026-06-03,BRN Oct26,2026-08-26,83.48,1.0,0.3068
2026-06-03,BRN Oct26,2026-08-26,87.65,1.049952,0.302519
2026-06-03,BRN Oct26,2026-08-26,91.83,1.100024,0.299539
2026-06-03,BRN Oct26,2026-08-26,96.0,1.149976,0.297707
2026-06-03,BRN Oct26,2026-08-26,100.18,1.200048,0.296877
2026-06-03,BRN Oct26,2026-08-26,104.35,1.25,0.296934
2026-06-04,BRN Oct26,2026-08-26,63.57,0.75,0.347461
2026-06-04,BRN Oct26,2026-08-26,67.81,0.800024,0.332759
2026-06-04,BRN Oct26,2026-08-26,72.05,0.850047,0.320847
2026-06-04,BRN Oct26,2026-08-26,76.28,0.899953,0.311321
2026-06-04,BRN Oct26,2026-08-26,80.52,0.949976,0.303792
2026-06-04,BRN Oct26,2026-08-26,84.76,1.0,0.298002
2026-06-04,BRN Oct26,2026-08-26,89.0,1.050024,0.293717
2026-06-04,BRN Oct26,2026-08-26,93.24,1.100047,0.29074
2026-06-04,BRN Oct26,2026-08-26,97.47,1.149953,0.288911
2026-06-04,BRN Oct26,2026-08-26,101.71,1.199976,0.28808
2026-06-04,BRN Oct26,2026-08-26,105.95,1.25,0.288136
2026-06-05,BRN Oct26,2026-08-26,63.34,0.75003,0.34618
2026-06-05,BRN Oct26,2026-08-26,67.56,0.8,0.331494
2026-06-05,BRN Oct26,2026-08-26,71.78,0.84997,0.319593
2026-06-05,BRN Oct26,2026-08-26,76.01,0.900059,0.310033
2026-06-05,BRN Oct26,2026-08-26,80.23,0.95003,0.302515
2026-06-05,BRN Oct26,2026-08-26,84.45,1.0,0.296732
2026-06-05,BRN Oct26,2026-08-26,88.67,1.04997,0.29245
2026-06-05,BRN Oct26,2026-08-26,92.9,1.100059,0.289469
2026-06-05,BRN Oct26,2026-08-26,97.12,1.15003,0.287638
2026-06-05,BRN Oct26,2026-08-26,101.34,1.2,0.28681
2026-06-05,BRN Oct26,2026-08-26,105.56,1.24997,0.286865
2026-06-08,BRN Oct26,2026-08-26,61.94,0.750061,0.35383
2026-06-08,BRN Oct26,2026-08-26,66.06,0.799952,0.339166
2026-06-08,BRN Oct26,2026-08-26,70.19,0.849964,0.327254
2026-06-08,BRN Oct26,2026-08-26,74.32,0.899976,0.317706
2026-06-08,BRN Oct26,2026-08-26,78.45,0.949988,0.31018
2026-06-08,BRN Oct26,2026-08-26,82.58,1.0,0.304391
2026-06-08,BRN Oct26,2026-08-26,86.71,1.050012,0.300106
2026-06-08,BRN Oct26,2026-08-26,90.84,1.100024,0.29713
2026-06-08,BRN Oct26,2026-08-26,94.97,1.150036,0.295297
2026-06-08,BRN Oct26,2026-08-26,99.1,1.200048,0.294469
2026-06-08,BRN Oct26,2026-08-26,103.22,1.249939,0.294524
2026-06-09,BRN Oct26,2026-08-26,60.76,0.750031,0.355312
2026-06-09,BRN Oct26,2026-08-26,64.81,0.800025,0.34062
2026-06-09,BRN Oct26,2026-08-26,68.86,0.850019,0.328715
2026-06-09,BRN Oct26,2026-08-26,72.91,0.900012,0.319173
2026-06-09,BRN Oct26,2026-08-26,76.96,0.950006,0.31165
2026-06-09,BRN Oct26,2026-08-26,81.01,1.0,0.305864
2026-06-09,BRN Oct26,2026-08-26,85.06,1.049994,0.30158
2026-06-09,BRN Oct26,2026-08-26,89.11,1.099988,0.298604
2026-06-09,BRN Oct26,2026-08-26,93.16,1.149981,0.296771
2026-06-09,BRN Oct26,2026-08-26,97.21,1.199975,0.295942
2026-06-09,BRN Oct26,2026-08-26,101.26,1.249969,0.295997
2026-06-10,BRN Oct26,2026-08-26,59.78,0.750063,0.353747
2026-06-10,BRN Oct26,2026-08-26,63.76,0.8,0.339072
2026-06-10,BRN Oct26,2026-08-26,67.74,0.849937,0.327178
2026-06-10,BRN Oct26,2026-08-26,71.73,0.9,0.31762
2026-06-10,BRN Oct26,2026-08-26,75.72,0.950063,0.310088
2026-06-10,BRN Oct26,2026-08-26,79.7,1.0,0.304309
2026-06-10,BRN Oct26,2026-08-26,83.68,1.049937,0.30003
2026-06-10,BRN Oct26,2026-08-26,87.67,1.1,0.297049
2026-06-10,BRN Oct26,2026-08-26,91.66,1.150063,0.295215
2026-06-10,BRN Oct26,2026-08-26,95.64,1.2,0.294387
2026-06-10,BRN Oct26,2026-08-26,99.62,1.249937,0.294443
2026-06-11,BRN Oct26,2026-08-26,60.27,0.75,0.355334
2026-06-11,BRN Oct26,2026-08-26,64.29,0.800025,0.340631
2026-06-11,BRN Oct26,2026-08-26,68.31,0.85005,0.32872
2026-06-11,BRN Oct26,2026-08-26,72.32,0.89995,0.319195
2026-06-11,BRN Oct26,2026-08-26,76.34,0.949975,0.311666
2026-06-11,BRN Oct26,2026-08-26,80.36,1.0,0.305875
2026-06-11,BRN Oct26,2026-08-26,84.38,1.050025,0.301589
2026-06-11,BRN Oct26,2026-08-26,88.4,1.10005,0.298613
2026-06-11,BRN Oct26,2026-08-26,92.41,1.14995,0.296784
2026-06-11,BRN Oct26,2026-08-26,96.43,1.199975,0.295953
2026-06-11,BRN Oct26,2026-08-26,100.45,1.25,0.296009
2026-06-12,BRN Oct26,2026-08-26,60.46,0.750031,0.350764
2026-06-12,BRN Oct26,2026-08-26,64.49,0.800025,0.336072
2026-06-12,BRN Oct26,2026-08-26,68.52,0.850019,0.324167
2026-06-12,BRN Oct26,2026-08-26,72.55,0.900012,0.314625
2026-06-12,BRN Oct26,2026-08-26,76.58,0.950006,0.307102
2026-06-12,BRN Oct26,2026-08-26,80.61,1.0,0.301316
2026-06-12,BRN Oct26,2026-08-26,84.64,1.049994,0.297033
2026-06-12,BRN Oct26,2026-08-26,88.67,1.099988,0.294057
2026-06-12,BRN Oct26,2026-08-26,92.7,1.149981,0.292224
2026-06-12,BRN Oct26,2026-08-26,96.73,1.199975,0.291394
2026-06-12,BRN Oct26,2026-08-26,100.76,1.249969,0.29145
2026-06-15,BRN Oct26,2026-08-26,61.2,0.75,0.350143
2026-06-15,BRN Oct26,2026-08-26,65.28,0.8,0.335447
2026-06-15,BRN Oct26,2026-08-26,69.36,0.85,0.32354
2026-06-15,BRN Oct26,2026-08-26,73.44,0.9,0.313996
2026-06-15,BRN Oct26,2026-08-26,77.52,0.95,0.306472
2026-06-15,BRN Oct26,2026-08-26,81.6,1.0,0.300685
2026-06-15,BRN Oct26,2026-08-26,85.68,1.05,0.296401
2026-06-15,BRN Oct26,2026-08-26,89.76,1.1,0.293425
2026-06-15,BRN Oct26,2026-08-26,93.84,1.15,0.291592
2026-06-15,BRN Oct26,2026-08-26,97.92,1.2,0.290763
2026-06-15,BRN Oct26,2026-08-26,102.0,1.25,0.290818
2026-06-16,BRN Oct26,2026-08-26,60.79,0.750031,0.350711
2026-06-16,BRN Oct26,2026-08-26,64.84,0.8,0.336025
2026-06-16,BRN Oct26,2026-08-26,68.89,0.849969,0.324124
2026-06-16,BRN Oct26,2026-08-26,72.94,0.899938,0.314584
2026-06-16,BRN Oct26,2026-08-26,77.0,0.950031,0.307045
2026-06-16,BRN Oct26,2026-08-26,81.05,1.0,0.301262
2026-06-16,BRN Oct26,2026-08-26,85.1,1.049969,0.296981
2026-06-16,BRN Oct26,2026-08-26,89.16,1.100062,0.294
2026-06-16,BRN Oct26,2026-08-26,93.21,1.150031,0.292169
2026-06-16,BRN Oct26,2026-08-26,97.26,1.2,0.291341
2026-06-16,BRN Oct26,2026-08-26,101.31,1.249969,0.291396
2026-06-17,BRN Oct26,2026-08-26,60.95,0.750062,0.350705
2026-06-17,BRN Oct26,2026-08-26,65.01,0.800025,0.336022
2026-06-17,BRN Oct26,2026-08-26,69.07,0.849988,0.324124
2026-06-17,BRN Oct26,2026-08-26,73.13,0.899951,0.314586
2026-06-17,BRN Oct26,2026-08-26,77.2,0.950037,0.307048
2026-06-17,BRN Oct26,2026-08-26,81.26,1.0,0.301266
2026-06-17,BRN Oct26,2026-08-26,85.32,1.049963,0.296985
2026-06-17,BRN Oct26,2026-08-26,89.39,1.100049,0.294004
2026-06-17,BRN Oct26,2026-08-26,93.45,1.150012,0.292173
2026-06-17,BRN Oct26,2026-08-26,97.51,1.199975,0.291345
2026-06-17,BRN Oct26,2026-08-26,101.58,1.250062,0.291401
2026-06-18,BRN Oct26,2026-08-26,61.54,0.75003,0.353349
2026-06-18,BRN Oct26,2026-08-26,65.64,0.8,0.338663
2026-06-18,BRN Oct26,2026-08-26,69.74,0.84997,0.326762
2026-06-18,BRN Oct26,2026-08-26,73.84,0.899939,0.317222
2026-06-18,BRN Oct26,2026-08-26,77.95,0.95003,0.309684
2026-06-18,BRN Oct26,2026-08-26,82.05,1.0,0.303901
2026-06-18,BRN Oct26,2026-08-26,86.15,1.04997,0.299619
2026-06-18,BRN Oct26,2026-08-26,90.26,1.100061,0.296638
2026-06-18,BRN Oct26,2026-08-26,94.36,1.15003,0.294807
2026-06-18,BRN Oct26,2026-08-26,98.46,1.2,0.293979
2026-06-18,BRN Oct26,2026-08-26,102.56,1.24997,0.294034
2026-06-19,BRN Oct26,2026-08-26,61.12,0.749939,0.354596
2026-06-19,BRN Oct26,2026-08-26,65.2,0.8,0.33988
2026-06-19,BRN Oct26,2026-08-26,69.27,0.849939,0.327986
2026-06-19,BRN Oct26,2026-08-26,73.35,0.9,0.318429
2026-06-19,BRN Oct26,2026-08-26,77.42,0.949939,0.310913
2026-06-19,BRN Oct26,2026-08-26,81.5,1.0,0.305118
2026-06-19,BRN Oct26,2026-08-26,85.58,1.050061,0.300829
2026-06-19,BRN Oct26,2026-08-26,89.65,1.1,0.297858
2026-06-19,BRN Oct26,2026-08-26,93.72,1.149939,0.296026
2026-06-19,BRN Oct26,2026-08-26,97.8,1.2,0.295196
2026-06-19,BRN Oct26,2026-08-26,101.88,1.250061,0.295252
2026-06-22,BRN Oct26,2026-08-26,61.69,0.75003,0.356718
2026-06-22,BRN Oct26,2026-08-26,65.8,0.8,0.342032
2026-06-22,BRN Oct26,2026-08-26,69.91,0.84997,0.330131
2026-06-22,BRN Oct26,2026-08-26,74.03,0.900061,0.32057
2026-06-22,BRN Oct26,2026-08-26,78.14,0.95003,0.313052
2026-06-22,BRN Oct26,2026-08-26,82.25,1.0,0.307269
2026-06-22,BRN Oct26,2026-08-26,86.36,1.04997,0.302987
2026-06-22,BRN Oct26,2026-08-26,90.48,1.100061,0.300006
2026-06-22,BRN Oct26,2026-08-26,94.59,1.15003,0.298175
2026-06-22,BRN Oct26,2026-08-26,98.7,1.2,0.297347
2026-06-22,BRN Oct26,2026-08-26,102.81,1.24997,0.297403
2026-06-23,BRN Oct26,2026-08-26,61.03,0.750031,0.354734
2026-06-23,BRN Oct26,2026-08-26,65.1,0.800049,0.340036
2026-06-23,BRN Oct26,2026-08-26,69.16,0.849945,0.328153
2026-06-23,BRN Oct26,2026-08-26,73.23,0.899963,0.318603
2026-06-23,BRN Oct26,2026-08-26,77.3,0.949982,0.311075
2026-06-23,BRN Oct26,2026-08-26,81.37,1.0,0.305286
2026-06-23,BRN Oct26,2026-08-26,85.44,1.050018,0.301001
2026-06-23,BRN Oct26,2026-08-26,89.51,1.100037,0.298024
2026-06-23,BRN Oct26,2026-08-26,93.58,1.150055,0.296192
2026-06-23,BRN Oct26,2026-08-26,97.64,1.199951,0.295364
2026-06-23,BRN Oct26,2026-08-26,101.71,1.249969,0.29542
2026-06-24,BRN Oct26,2026-08-26,60.61,0.750031,0.357569
2026-06-24,BRN Oct26,2026-08-26,64.65,0.800025,0.342877
2026-06-24,BRN Oct26,2026-08-26,68.69,0.850019,0.330972
2026-06-24,BRN Oct26,2026-08-26,72.73,0.900012,0.32143
2026-06-24,BRN Oct26,2026-08-26,76.77,0.950006,0.313907
2026-06-24,BRN Oct26,2026-08-26,80.81,1.0,0.308121
2026-06-24,BRN Oct26,2026-08-26,84.85,1.049994,0.303837
2026-06-24,BRN Oct26,2026-08-26,88.89,1.099988,0.300861
2026-06-24,BRN Oct26,2026-08-26,92.93,1.149981,0.299028
2026-06-24,BRN Oct26,2026-08-26,96.97,1.199975,0.298199
2026-06-24,BRN Oct26,2026-08-26,101.01,1.249969,0.298254
2026-06-25,BRN Oct26,2026-08-26,60.16,0.749938,0.362543
2026-06-25,BRN Oct26,2026-08-26,64.18,0.80005,0.347813
2026-06-25,BRN Oct26,2026-08-26,68.19,0.850037,0.335911
2026-06-25,BRN Oct26,2026-08-26,72.2,0.900025,0.326371
2026-06-25,BRN Oct26,2026-08-26,76.21,0.950012,0.318849
2026-06-25,BRN Oct26,2026-08-26,80.22,1.0,0.313064
2026-06-25,BRN Oct26,2026-08-26,84.23,1.049988,0.308781
2026-06-25,BRN Oct26,2026-08-26,88.24,1.099975,0.305805
2026-06-25,BRN Oct26,2026-08-26,92.25,1.149963,0.303972
2026-06-25,BRN Oct26,2026-08-26,96.26,1.19995,0.303142
2026-06-25,BRN Oct26,2026-08-26,100.28,1.250062,0.303198
2026-06-26,BRN Oct26,2026-08-26,58.96,0.750032,0.35951
2026-06-26,BRN Oct26,2026-08-26,62.89,0.800025,0.344817
2026-06-26,BRN Oct26,2026-08-26,66.82,0.850019,0.332913
2026-06-26,BRN Oct26,2026-08-26,70.75,0.900013,0.323371
2026-06-26,BRN Oct26,2026-08-26,74.68,0.950006,0.315848
2026-06-26,BRN Oct26,2026-08-26,78.61,1.0,0.310062
2026-06-26,BRN Oct26,2026-08-26,82.54,1.049994,0.305778
2026-06-26,BRN Oct26,2026-08-26,86.47,1.099987,0.302802
2026-06-26,BRN Oct26,2026-08-26,90.4,1.149981,0.300969
2026-06-26,BRN Oct26,2026-08-26,94.33,1.199975,0.30014
2026-06-26,BRN Oct26,2026-08-26,98.26,1.249968,0.300195
2026-06-29,BRN Oct26,2026-08-26,59.39,0.749968,0.356865
2026-06-29,BRN Oct26,2026-08-26,63.35,0.799975,0.342166
2026-06-29,BRN Oct26,2026-08-26,67.31,0.849981,0.330256
2026-06-29,BRN Oct26,2026-08-26,71.27,0.899987,0.32071
2026-06-29,BRN Oct26,2026-08-26,75.23,0.949994,0.313185
2026-06-29,BRN Oct26,2026-08-26,79.19,1.0,0.307397
2026-06-29,BRN Oct26,2026-08-26,83.15,1.050006,0.303112
2026-06-29,BRN Oct26,2026-08-26,87.11,1.100013,0.300136
2026-06-29,BRN Oct26,2026-08-26,91.07,1.150019,0.298303
2026-06-29,BRN Oct26,2026-08-26,95.03,1.200025,0.297475
2026-06-29,BRN Oct26,2026-08-26,98.99,1.250032,0.297531
2026-06-30,BRN Oct26,2026-08-26,58.84,0.749936,0.360961
2026-06-30,BRN Oct26,2026-08-26,62.77,0.800025,0.346238
2026-06-30,BRN Oct26,2026-08-26,66.69,0.849987,0.33434
2026-06-30,BRN Oct26,2026-08-26,70.61,0.899949,0.324802
2026-06-30,BRN Oct26,2026-08-26,74.54,0.950038,0.317264
2026-06-30,BRN Oct26,2026-08-26,78.46,1.0,0.311482
2026-06-30,BRN Oct26,2026-08-26,82.38,1.049962,0.307201
2026-06-30,BRN Oct26,2026-08-26,86.31,1.100051,0.30422
2026-06-30,BRN Oct26,2026-08-26,90.23,1.150013,0.302389
2026-06-30,BRN Oct26,2026-08-26,94.15,1.199975,0.30156
2026-06-30,BRN Oct26,2026-08-26,98.07,1.249936,0.301615
2026-07-01,BRN Oct26,2026-08-26,58.87,0.750032,0.360312
2026-07-01,BRN Oct26,2026-08-26,62.79,0.799975,0.345633
2026-07-01,BRN Oct26,2026-08-26,66.72,0.850045,0.333709
2026-07-01,BRN Oct26,2026-08-26,70.64,0.899987,0.324177
2026-07-01,BRN Oct26,2026-08-26,74.57,0.950057,0.316643
2026-07-01,BRN Oct26,2026-08-26,78.49,1.0,0.310864
2026-07-01,BRN Oct26,2026-08-26,82.41,1.049943,0.306584
2026-07-01,BRN Oct26,2026-08-26,86.34,1.100013,0.303603
2026-07-01,BRN Oct26,2026-08-26,90.26,1.149955,0.301772
2026-07-01,BRN Oct26,2026-08-26,94.19,1.200025,0.300942
2026-07-01,BRN Oct26,2026-08-26,98.11,1.249968,0.300997
2026-07-02,BRN Oct26,2026-08-26,59.34,0.75,0.364508
2026-07-02,BRN Oct26,2026-08-26,63.3,0.800051,0.349798
2026-07-02,BRN Oct26,2026-08-26,67.25,0.849975,0.33791
2026-07-02,BRN Oct26,2026-08-26,71.21,0.900025,0.328356
2026-07-02,BRN Oct26,2026-08-26,75.16,0.949949,0.320843
2026-07-02,BRN Oct26,2026-08-26,79.12,1.0,0.315049
2026-07-02,BRN Oct26,2026-08-26,83.08,1.050051,0.310762
2026-07-02,BRN Oct26,2026-08-26,87.03,1.099975,0.30779
2026-07-02,BRN Oct26,2026-08-26,90.99,1.150025,0.305956
2026-07-02,BRN Oct26,2026-08-26,94.94,1.199949,0.305128
2026-07-02,BRN Oct26,2026-08-26,98.9,1.25,0.305183
2026-07-03,BRN Oct26,2026-08-26,59.79,0.75,0.363029
2026-07-03,BRN Oct26,2026-08-26,63.78,0.80005,0.348319
2026-07-03,BRN Oct26,2026-08-26,67.76,0.849975,0.33643
2026-07-03,BRN Oct26,2026-08-26,71.75,0.900025,0.326877
2026-07-03,BRN Oct26,2026-08-26,75.73,0.94995,0.319364
2026-07-03,BRN Oct26,2026-08-26,79.72,1.0,0.31357
2026-07-03,BRN Oct26,2026-08-26,83.71,1.05005,0.309283
2026-07-03,BRN Oct26,2026-08-26,87.69,1.099975,0.306311
2026-07-03,BRN Oct26,2026-08-26,91.68,1.150025,0.304477
2026-07-03,BRN Oct26,2026-08-26,95.66,1.19995,0.303649
2026-07-03,BRN Oct26,2026-08-26,99.65,1.25,0.303704
2026-07-06,BRN Oct26,2026-08-26,60.48,0.75,0.367287
2026-07-06,BRN Oct26,2026-08-26,64.51,0.799975,0.352597
2026-07-06,BRN Oct26,2026-08-26,68.54,0.84995,0.340694
2026-07-06,BRN Oct26,2026-08-26,72.58,0.90005,0.331131
2026-07-06,BRN Oct26,2026-08-26,76.61,0.950025,0.323612
2026-07-06,BRN Oct26,2026-08-26,80.64,1.0,0.317828
2026-07-06,BRN Oct26,2026-08-26,84.67,1.049975,0.313546
2026-07-06,BRN Oct26,2026-08-26,88.7,1.09995,0.31057
2026-07-06,BRN Oct26,2026-08-26,92.74,1.15005,0.308734
2026-07-06,BRN Oct26,2026-08-26,96.77,1.200025,0.307906
2026-07-06,BRN Oct26,2026-08-26,100.8,1.25,0.307962
2026-07-07,BRN Oct26,2026-08-26,60.38,0.750062,0.367426
2026-07-07,BRN Oct26,2026-08-26,64.4,0.8,0.35275
2026-07-07,BRN Oct26,2026-08-26,68.42,0.849938,0.340856
2026-07-07,BRN Oct26,2026-08-26,72.45,0.9,0.331299
2026-07-07,BRN Oct26,2026-08-26,76.47,0.949938,0.323783
2026-07-07,BRN Oct26,2026-08-26,80.5,1.0,0.317988
2026-07-07,BRN Oct26,2026-08-26,84.52,1.049938,0.313708
2026-07-07,BRN Oct26,2026-08-26,88.55,1.1,0.310728
2026-07-07,BRN Oct26,2026-08-26,92.57,1.149938,0.308897
2026-07-07,BRN Oct26,2026-08-26,96.6,1.2,0.308066
2026-07-07,BRN Oct26,2026-08-26,100.62,1.249938,0.308121
2026-07-08,BRN Oct26,2026-08-26,59.98,0.750031,0.367971
2026-07-08,BRN Oct26,2026-08-26,63.98,0.80005,0.353272
2026-07-08,BRN Oct26,2026-08-26,67.97,0.849944,0.34139
2026-07-08,BRN Oct26,2026-08-26,71.97,0.899962,0.33184
2026-07-08,BRN Oct26,2026-08-26,75.97,0.949981,0.324312
2026-07-08,BRN Oct26,2026-08-26,79.97,1.0,0.318523
2026-07-08,BRN Oct26,2026-08-26,83.97,1.050019,0.314238
2026-07-08,BRN Oct26,2026-08-26,87.97,1.100038,0.311261
2026-07-08,BRN Oct26,2026-08-26,91.97,1.150056,0.309428
2026-07-08,BRN Oct26,2026-08-26,95.96,1.19995,0.308601
2026-07-08,BRN Oct26,2026-08-26,99.96,1.249969,0.308656
2026-07-09,BRN Oct26,2026-08-26,59.88,0.75,0.37242
2026-07-09,BRN Oct26,2026-08-26,63.87,0.799975,0.35773
2026-07-09,BRN Oct26,2026-08-26,67.86,0.84995,0.345827
2026-07-09,BRN Oct26,2026-08-26,71.86,0.90005,0.336264
2026-07-09,BRN Oct26,2026-08-26,75.85,0.950025,0.328745
2026-07-09,BRN Oct26,2026-08-26,79.84,1.0,0.322961
2026-07-09,BRN Oct26,2026-08-26,83.83,1.049975,0.318679
2026-07-09,BRN Oct26,2026-08-26,87.82,1.09995,0.315704
2026-07-09,BRN Oct26,2026-08-26,91.82,1.15005,0.313867
2026-07-09,BRN Oct26,2026-08-26,95.81,1.200025,0.313039
2026-07-09,BRN Oct26,2026-08-26,99.8,1.25,0.313095
2026-07-10,BRN Oct26,2026-08-26,58.14,0.75,0.370946
2026-07-10,BRN Oct26,2026-08-26,62.02,0.800052,0.356236
2026-07-10,BRN Oct26,2026-08-26,65.89,0.849974,0.344348
2026-07-10,BRN Oct26,2026-08-26,69.77,0.900026,0.334794
2026-07-10,BRN Oct26,2026-08-26,73.64,0.949948,0.327281
2026-07-10,BRN Oct26,2026-08-26,77.52,1.0,0.321487
2026-07-10,BRN Oct26,2026-08-26,81.4,1.050052,0.317199
2026-07-10,BRN Oct26,2026-08-26,85.27,1.099974,0.314228
2026-07-10,BRN Oct26,2026-08-26,89.15,1.150026,0.312394
2026-07-10,BRN Oct26,2026-08-26,93.02,1.199948,0.311566
2026-07-10,BRN Oct26,2026-08-26,96.9,1.25,0.311621
2026-07-13,BRN Oct26,2026-08-26,56.56,0.749934,0.367799
2026-07-13,BRN Oct26,2026-08-26,60.34,0.800053,0.353068
2026-07-13,BRN Oct26,2026-08-26,64.11,0.85004,0.341166
2026-07-13,BRN Oct26,2026-08-26,67.88,0.900027,0.331626
2026-07-13,BRN Oct26,2026-08-26,71.65,0.950013,0.324104
2026-07-13,BRN Oct26,2026-08-26,75.42,1.0,0.318319
2026-07-13,BRN Oct26,2026-08-26,79.19,1.049987,0.314036
2026-07-13,BRN Oct26,2026-08-26,82.96,1.099973,0.31106
2026-07-13,BRN Oct26,2026-08-26,86.73,1.14996,0.309227
2026-07-13,BRN Oct26,2026-08-26,90.5,1.199947,0.308398
2026-07-13,BRN Oct26,2026-08-26,94.28,1.250066,0.308454
2026-07-14,BRN Oct26,2026-08-26,55.24,0.749932,0.366204
2026-07-14,BRN Oct26,2026-08-26,58.93,0.800027,0.351479
2026-07-14,BRN Oct26,2026-08-26,62.61,0.849986,0.339582
2026-07-14,BRN Oct26,2026-08-26,66.29,0.899946,0.330044
2026-07-14,BRN Oct26,2026-08-26,69.98,0.950041,0.322506
2026-07-14,BRN Oct26,2026-08-26,73.66,1.0,0.316724
2026-07-14,BRN Oct26,2026-08-26,77.34,1.049959,0.312443
2026-07-14,BRN Oct26,2026-08-26,81.03,1.100054,0.309461
2026-07-14,BRN Oct26,2026-08-26,84.71,1.150014,0.307631
2026-07-14,BRN Oct26,2026-08-26,88.39,1.199973,0.306802
2026-07-14,BRN Oct26,2026-08-26,92.07,1.249932,0.306857
2026-07-15,BRN Oct26,2026-08-26,54.24,0.75,0.367338
2026-07-15,BRN Oct26,2026-08-26,57.86,0.800055,0.352627
2026-07-15,BRN Oct26,2026-08-26,61.47,0.849972,0.34074
2026-07-15,BRN Oct26,2026-08-26,65.09,0.900028,0.331186
2026-07-15,BRN Oct26,2026-08-26,68.7,0.949945,0.323674
2026-07-15,BRN Oct26,2026-08-26,72.32,1.0,0.317879
2026-07-15,BRN Oct26,2026-08-26,75.94,1.050055,0.313591
2026-07-15,BRN Oct26,2026-08-26,79.55,1.099972,0.31062
2026-07-15,BRN Oct26,2026-08-26,83.17,1.150028,0.308786
2026-07-15,BRN Oct26,2026-08-26,86.78,1.199945,0.307958
2026-07-15,BRN Oct26,2026-08-26,90.4,1.25,0.308013
2026-07-16,BRN Oct26,2026-08-26,54.56,0.749966,0.362415
2026-07-16,BRN Oct26,2026-08-26,58.2,0.8,0.347708
2026-07-16,BRN Oct26,2026-08-26,61.84,0.850034,0.335793
2026-07-16,BRN Oct26,2026-08-26,65.48,0.900069,0.326245
2026-07-16,BRN Oct26,2026-08-26,69.11,0.949966,0.318737
2026-07-16,BRN Oct26,2026-08-26,72.75,1.0,0.312945
2026-07-16,BRN Oct26,2026-08-26,76.39,1.050034,0.308659
2026-07-16,BRN Oct26,2026-08-26,80.03,1.100069,0.305682
2026-07-16,BRN Oct26,2026-08-26,83.66,1.149966,0.303854
2026-07-16,BRN Oct26,2026-08-26,87.3,1.2,0.303024
2026-07-16,BRN Oct26,2026-08-26,90.94,1.250034,0.30308
2026-07-17,BRN Oct26,2026-08-26,53.66,0.75007,0.364205
2026-07-17,BRN Oct26,2026-08-26,57.23,0.799972,0.34954
2026-07-17,BRN Oct26,2026-08-26,60.81,0.850014,0.337622
2026-07-17,BRN Oct26,2026-08-26,64.39,0.900056,0.328071
2026-07-17,BRN Oct26,2026-08-26,67.96,0.949958,0.320562
2026-07-17,BRN Oct26,2026-08-26,71.54,1.0,0.31477
2026-07-17,BRN Oct26,2026-08-26,75.12,1.050042,0.310483
2026-07-17,BRN Oct26,2026-08-26,78.69,1.099944,0.307512
2026-07-17,BRN Oct26,2026-08-26,82.27,1.149986,0.305677
2026-07-17,BRN Oct26,2026-08-26,85.85,1.200028,0.304847
2026-07-17,BRN Oct26,2026-08-26,89.43,1.25007,0.304904
2026-07-20,BRN Oct26,2026-08-26,53.29,0.750035,0.362457
2026-07-20,BRN Oct26,2026-08-26,56.84,0.8,0.347773
2026-07-20,BRN Oct26,2026-08-26,60.39,0.849965,0.335873
2026-07-20,BRN Oct26,2026-08-26,63.94,0.89993,0.326333
2026-07-20,BRN Oct26,2026-08-26,67.5,0.950035,0.318793
2026-07-20,BRN Oct26,2026-08-26,71.05,1.0,0.31301
2026-07-20,BRN Oct26,2026-08-26,74.6,1.049965,0.308729
2026-07-20,BRN Oct26,2026-08-26,78.16,1.10007,0.305747
2026-07-20,BRN Oct26,2026-08-26,81.71,1.150035,0.303916
2026-07-20,BRN Oct26,2026-08-26,85.26,1.2,0.303088
2026-07-20,BRN Oct26,2026-08-26,88.81,1.249965,0.303144
2026-07-21,BRN Oct26,2026-08-26,54.57,0.75,0.365822
2026-07-21,BRN Oct26,2026-08-26,58.21,0.800027,0.351119
2026-07-21,BRN Oct26,2026-08-26,61.85,0.850055,0.339207
2026-07-21,BRN Oct26,2026-08-26,65.48,0.899945,0.329684
2026-07-21,BRN Oct26,2026-08-26,69.12,0.949973,0.322154
2026-07-21,BRN Oct26,2026-08-26,72.76,1.0,0.316363
2026-07-21,BRN Oct26,2026-08-26,76.4,1.050027,0.312077
2026-07-21,BRN Oct26,2026-08-26,80.04,1.100055,0.309101
2026-07-21,BRN Oct26,2026-08-26,83.67,1.149945,0.307272
2026-07-21,BRN Oct26,2026-08-26,87.31,1.199973,0.306442
2026-07-21,BRN Oct26,2026-08-26,90.95,1.25,0.306497
2026-07-22,BRN Oct26,2026-08-26,54.16,0.749931,0.358471
2026-07-22,BRN Oct26,2026-08-26,57.78,0.800055,0.343738
2026-07-22,BRN Oct26,2026-08-26,61.39,0.850042,0.331836
2026-07-22,BRN Oct26,2026-08-26,65.0,0.900028,0.322296
2026-07-22,BRN Oct26,2026-08-26,68.61,0.950014,0.314775
2026-07-22,BRN Oct26,2026-08-26,72.22,1.0,0.30899
2026-07-22,BRN Oct26,2026-08-26,75.83,1.049986,0.304707
2026-07-22,BRN Oct26,2026-08-26,79.44,1.099972,0.301731
2026-07-22,BRN Oct26,2026-08-26,83.05,1.149958,0.299898
2026-07-22,BRN Oct26,2026-08-26,86.66,1.199945,0.299068
2026-07-22,BRN Oct26,2026-08-26,90.28,1.250069,0.299124
2026-07-23,BRN Oct26,2026-08-26,54.88,0.750034,0.356108
2026-07-23,BRN Oct26,2026-08-26,58.54,0.800055,0.341408
2026-07-23,BRN Oct26,2026-08-26,62.19,0.849938,0.329528
2026-07-23,BRN Oct26,2026-08-26,65.85,0.899959,0.319978
2026-07-23,BRN Oct26,2026-08-26,69.51,0.949979,0.31245
2026-07-23,BRN Oct26,2026-08-26,73.17,1.0,0.30666
2026-07-23,BRN Oct26,2026-08-26,76.83,1.050021,0.302375
2026-07-23,BRN Oct26,2026-08-26,80.49,1.100041,0.299398
2026-07-23,BRN Oct26,2026-08-26,84.15,1.150062,0.297566
2026-07-23,BRN Oct26,2026-08-26,87.8,1.199945,0.296739
2026-07-23,BRN Oct26,2026-08-26,91.46,1.249966,0.296794
2026-07-24,BRN Oct26,2026-08-26,53.96,0.749965,0.351171
2026-07-24,BRN Oct26,2026-08-26,57.56,0.8,0.336464
2026-07-24,BRN Oct26,2026-08-26,61.16,0.850035,0.324549
2026-07-24,BRN Oct26,2026-08-26,64.76,0.900069,0.315
2026-07-24,BRN Oct26,2026-08-26,68.35,0.949965,0.307493
2026-07-24,BRN Oct26,2026-08-26,71.95,1.0,0.301701
2026-07-24,BRN Oct26,2026-08-26,75.55,1.050035,0.297415
2026-07-24,BRN Oct26,2026-08-26,79.15,1.100069,0.294438
2026-07-24,BRN Oct26,2026-08-26,82.74,1.149965,0.292609
2026-07-24,BRN Oct26,2026-08-26,86.34,1.2,0.291779
2026-07-24,BRN Oct26,2026-08-26,89.94,1.250035,0.291835
2026-07-27,BRN Oct26,2026-08-26,53.75,0.749965,0.348941
2026-07-27,BRN Oct26,2026-08-26,57.34,0.800056,0.334219
2026-07-27,BRN Oct26,2026-08-26,60.92,0.850007,0.322325
2026-07-27,BRN Oct26,2026-08-26,64.5,0.899958,0.31279
2026-07-27,BRN Oct26,2026-08-26,68.09,0.950049,0.305252
2026-07-27,BRN Oct26,2026-08-26,71.67,1.0,0.299471
2026-07-27,BRN Oct26,2026-08-26,75.25,1.049951,0.295191
2026-07-27,BRN Oct26,2026-08-26,78.84,1.100042,0.292209
2026-07-27,BRN Oct26,2026-08-26,82.42,1.149993,0.290379
2026-07-27,BRN Oct26,2026-08-26,86.0,1.199944,0.28955
2026-07-27,BRN Oct26,2026-08-26,89.59,1.250035,0.289606
2026-07-28,BRN Oct26,2026-08-26,52.91,0.749965,0.35
2026-07-28,BRN Oct26,2026-08-26,56.44,0.8,0.335293
2026-07-28,BRN Oct26,2026-08-26,59.97,0.850035,0.323378
2026-07-28,BRN Oct26,2026-08-26,63.5,0.900071,0.313829
2026-07-28,BRN Oct26,2026-08-26,67.02,0.949965,0.306322
2026-07-28,BRN Oct26,2026-08-26,70.55,1.0,0.30053
2026-07-28,BRN Oct26,2026-08-26,74.08,1.050035,0.296244
2026-07-28,BRN Oct26,2026-08-26,77.6,1.099929,0.293274
2026-07-28,BRN Oct26,2026-08-26,81.13,1.149965,0.291438
2026-07-28,BRN Oct26,2026-08-26,84.66,1.2,0.290608
2026-07-28,BRN Oct26,2026-08-26,88.19,1.250035,0.290664
2026-07-29,BRN Oct26,2026-08-26,52.62,0.75,0.349735
2026-07-29,BRN Oct26,2026-08-26,56.13,0.800029,0.335032
2026-07-29,BRN Oct26,2026-08-26,59.64,0.850057,0.323119
2026-07-29,BRN Oct26,2026-08-26,63.14,0.899943,0.313597
2026-07-29,BRN Oct26,2026-08-26,66.65,0.949971,0.306067
2026-07-29,BRN Oct26,2026-08-26,70.16,1.0,0.300277
2026-07-29,BRN Oct26,2026-08-26,73.67,1.050029,0.295991
2026-07-29,BRN Oct26,2026-08-26,77.18,1.100057,0.293014
2026-07-29,BRN Oct26,2026-08-26,80.68,1.149943,0.291185
2026-07-29,BRN Oct26,2026-08-26,84.19,1.199971,0.290355
2026-07-29,BRN Oct26,2026-08-26,87.7,1.25,0.29041
2026-07-30,BRN Oct26,2026-08-26,53.46,0.75,0.349267
2026-07-30,BRN Oct26,2026-08-26,57.02,0.799944,0.334586
2026-07-30,BRN Oct26,2026-08-26,60.59,0.850028,0.322657
2026-07-30,BRN Oct26,2026-08-26,64.15,0.899972,0.313124
2026-07-30,BRN Oct26,2026-08-26,67.72,0.950056,0.305588
2026-07-30,BRN Oct26,2026-08-26,71.28,1.0,0.299808
2026-07-30,BRN Oct26,2026-08-26,74.84,1.049944,0.295528
2026-07-30,BRN Oct26,2026-08-26,78.41,1.100028,0.292547
2026-07-30,BRN Oct26,2026-08-26,81.97,1.149972,0.290716
2026-07-30,BRN Oct26,2026-08-26,85.54,1.200056,0.289886
2026-07-30,BRN Oct26,2026-08-26,89.1,1.25,0.289942
2026-07-31,BRN Oct26,2026-08-26,51.84,0.75,0.349095
2026-07-31,BRN Oct26,2026-08-26,55.3,0.800058,0.334384
2026-07-31,BRN Oct26,2026-08-26,58.75,0.849971,0.322497
2026-07-31,BRN Oct26,2026-08-26,62.21,0.900029,0.312943
2026-07-31,BRN Oct26,2026-08-26,65.66,0.949942,0.305431
2026-07-31,BRN Oct26,2026-08-26,69.12,1.0,0.299636
2026-07-31,BRN Oct26,2026-08-26,72.58,1.050058,0.295348
2026-07-31,BRN Oct26,2026-08-26,76.03,1.099971,0.292378
2026-07-31,BRN Oct26,2026-08-26,79.49,1.150029,0.290543
2026-07-31,BRN Oct26,2026-08-26,82.94,1.199942,0.289715
2026-07-31,BRN Oct26,2026-08-26,86.4,1.25,0.28977
2026-03-02,BRN Nov26,2026-09-25,59.66,0.750063,0.349438
2026-03-02,BRN Nov26,2026-09-25,63.63,0.799975,0.334769
2026-03-02,BRN Nov26,2026-09-25,67.61,0.850013,0.322852
2026-03-02,BRN Nov26,2026-09-25,71.59,0.90005,0.313303
2026-03-02,BRN Nov26,2026-09-25,75.56,0.949962,0.305792
2026-03-02,BRN Nov26,2026-09-25,79.54,1.0,0.3
2026-03-02,BRN Nov26,2026-09-25,83.52,1.050038,0.295713
2026-03-02,BRN Nov26,2026-09-25,87.49,1.09995,0.292742
2026-03-02,BRN Nov26,2026-09-25,91.47,1.149987,0.290907
2026-03-02,BRN Nov26,2026-09-25,95.45,1.200025,0.290078
2026-03-02,BRN Nov26,2026-09-25,99.43,1.250063,0.290134
2026-03-03,BRN Nov26,2026-09-25,58.52,0.749968,0.34626
2026-03-03,BRN Nov26,2026-09-25,62.42,0.799949,0.331567
2026-03-03,BRN Nov26,2026-09-25,66.33,0.850058,0.319633
2026-03-03,BRN Nov26,2026-09-25,70.23,0.900038,0.310095
2026-03-03,BRN Nov26,2026-09-25,74.13,0.950019,0.302575
2026-03-03,BRN Nov26,2026-09-25,78.03,1.0,0.296791
2026-03-03,BRN Nov26,2026-09-25,81.93,1.049981,0.292508
2026-03-03,BRN Nov26,2026-09-25,85.83,1.099962,0.289533
2026-03-03,BRN Nov26,2026-09-25,89.73,1.149942,0.287699
2026-03-03,BRN Nov26,2026-09-25,93.64,1.200051,0.286868
2026-03-03,BRN Nov26,2026-09-25,97.54,1.250032,0.286925
2026-03-04,BRN Nov26,2026-09-25,59.29,0.750032,0.344372
2026-03-04,BRN Nov26,2026-09-25,63.24,0.8,0.329687
2026-03-04,BRN Nov26,2026-09-25,67.19,0.849968,0.317786
2026-03-04,BRN Nov26,2026-09-25,71.14,0.899937,0.308246
2026-03-04,BRN Nov26,2026-09-25,75.1,0.950032,0.300707
2026-03-04,BRN Nov26,2026-09-25,79.05,1.0,0.294924
2026-03-04,BRN Nov26,2026-09-25,83.0,1.049968,0.290643
2026-03-04,BRN Nov26,2026-09-25,86.96,1.100063,0.287661
2026-03-04,BRN Nov26,2026-09-25,90.91,1.150032,0.28583
2026-03-04,BRN Nov26,2026-09-25,94.86,1.2,0.285002
2026-03-04,BRN Nov26,2026-09-25,98.81,1.249968,0.285058
2026-03-05,BRN Nov26,2026-09-25,60.29,0.749969,0.345829
2026-03-05,BRN Nov26,2026-09-25,64.31,0.799975,0.331129
2026-03-05,BRN Nov26,2026-09-25,68.33,0.849981,0.319219
2026-03-05,BRN Nov26,2026-09-25,72.35,0.899988,0.309673
2026-03-05,BRN Nov26,2026-09-25,76.37,0.949994,0.302148
2026-03-05,BRN Nov26,2026-09-25,80.39,1.0,0.29636
2026-03-05,BRN Nov26,2026-09-25,84.41,1.050006,0.292076
2026-03-05,BRN Nov26,2026-09-25,88.43,1.100012,0.2891
2026-03-05,BRN Nov26,2026-09-25,92.45,1.150019,0.287267
2026-03-05,BRN Nov26,2026-09-25,96.47,1.200025,0.286438
2026-03-05,BRN Nov26,2026-09-25,100.49,1.250031,0.286494
2026-03-06,BRN Nov26,2026-09-25,58.24,0.749936,0.345381
2026-03-06,BRN Nov26,2026-09-25,62.13,0.800026,0.330657
2026-03-06,BRN Nov26,2026-09-25,66.01,0.849987,0.318759
2026-03-06,BRN Nov26,2026-09-25,69.89,0.899948,0.309222
2026-03-06,BRN Nov26,2026-09-25,73.78,0.950039,0.301684
2026-03-06,BRN Nov26,2026-09-25,77.66,1.0,0.295902
2026-03-06,BRN Nov26,2026-09-25,81.54,1.049961,0.29162
2026-03-06,BRN Nov26,2026-09-25,85.43,1.100052,0.288639
2026-03-06,BRN Nov26,2026-09-25,89.31,1.150013,0.286808
2026-03-06,BRN Nov26,2026-09-25,93.19,1.199974,0.28598
2026-03-06,BRN Nov26,2026-09-25,97.07,1.249936,0.286035
2026-03-09,BRN Nov26,2026-09-25,56.86,0.750033,0.346458
2026-03-09,BRN Nov26,2026-09-25,60.65,0.800026,0.331766
2026-03-09,BRN Nov26,2026-09-25,64.44,0.85002,0.319861
2026-03-09,BRN Nov26,2026-09-25,68.23,0.900013,0.31032
2026-03-09,BRN Nov26,2026-09-25,72.02,0.950007,0.302797
2026-03-09,BRN Nov26,2026-09-25,75.81,1.0,0.297011
2026-03-09,BRN Nov26,2026-09-25,79.6,1.049993,0.292727
2026-03-09,BRN Nov26,2026-09-25,83.39,1.099987,0.289751
2026-03-09,BRN Nov26,2026-09-25,87.18,1.14998,0.287918
2026-03-09,BRN Nov26,2026-09-25,90.97,1.199974,0.287089
2026-03-09,BRN Nov26,2026-09-25,94.76,1.249967,0.287144
2026-03-10,BRN Nov26,2026-09-25,56.98,0.749934,0.347666
2026-03-10,BRN Nov26,2026-09-25,60.78,0.799947,0.332963
2026-03-10,BRN Nov26,2026-09-25,64.58,0.849961,0.321049
2026-03-10,BRN Nov26,2026-09-25,68.38,0.899974,0.311502
2026-03-10,BRN Nov26,2026-09-25,72.18,0.949987,0.303975
2026-03-10,BRN Nov26,2026-09-25,75.98,1.0,0.298186
2026-03-10,BRN Nov26,2026-09-25,79.78,1.050013,0.293901
2026-03-10,BRN Nov26,2026-09-25,83.58,1.100026,0.290925
2026-03-10,BRN Nov26,2026-09-25,87.38,1.150039,0.289092
2026-03-10,BRN Nov26,2026-09-25,91.18,1.200053,0.288264
2026-03-10,BRN Nov26,2026-09-25,94.98,1.250066,0.28832
2026-03-11,BRN Nov26,2026-09-25,56.68,0.750033,0.35165
2026-03-11,BRN Nov26,2026-09-25,60.46,0.800053,0.336951
2026-03-11,BRN Nov26,2026-09-25,64.23,0.84994,0.32507
2026-03-11,BRN Nov26,2026-09-25,68.01,0.89996,0.31552
2026-03-11,BRN Nov26,2026-09-25,71.79,0.94998,0.307992
2026-03-11,BRN Nov26,2026-09-25,75.57,1.0,0.302202
2026-03-11,BRN Nov26,2026-09-25,79.35,1.05002,0.297917
2026-03-11,BRN Nov26,2026-09-25,83.13,1.10004,0.29494
2026-03-11,BRN Nov26,2026-09-25,86.91,1.15006,0.293108
2026-03-11,BRN Nov26,2026-09-25,90.68,1.199947,0.292281
2026-03-11,BRN Nov26,2026-09-25,94.46,1.249967,0.292336
2026-03-12,BRN Nov26,2026-09-25,56.77,0.750033,0.350556
2026-03-12,BRN Nov26,2026-09-25,60.55,0.799974,0.335878
2026-03-12,BRN Nov26,2026-09-25,64.34,0.850046,0.323953
2026-03-12,BRN Nov26,2026-09-25,68.12,0.899987,0.314421
2026-03-12,BRN Nov26,2026-09-25,71.91,0.950059,0.306887
2026-03-12,BRN Nov26,2026-09-25,75.69,1.0,0.301108
2026-03-12,BRN Nov26,2026-09-25,79.47,1.049941,0.296828
2026-03-12,BRN Nov26,2026-09-25,83.26,1.100013,0.293847
2026-03-12,BRN Nov26,2026-09-25,87.04,1.149954,0.292016
2026-03-12,BRN Nov26,2026-09-25,90.83,1.200026,0.291186
2026-03-12,BRN Nov26,2026-09-25,94.61,1.249967,0.291242
2026-03-13,BRN Nov26,2026-09-25,55.98,0.75,0.346103
2026-03-13,BRN Nov26,2026-09-25,59.71,0.799973,0.331414
2026-03-13,BRN Nov26,2026-09-25,63.44,0.849946,0.319511
2026-03-13,BRN Nov26,2026-09-25,67.18,0.900054,0.309946
2026-03-13,BRN Nov26,2026-09-25,70.91,0.950027,0.302428
2026-03-13,BRN Nov26,2026-09-25,74.64,1.0,0.296644
2026-03-13,BRN Nov26,2026-09-25,78.37,1.049973,0.292362
2026-03-13,BRN Nov26,2026-09-25,82.1,1.099946,0.289387
2026-03-13,BRN Nov26,2026-09-25,85.84,1.150054,0.28755
2026-03-13,BRN Nov26,2026-09-25,89.57,1.200027,0.286722
2026-03-13,BRN Nov26,2026-09-25,93.3,1.25,0.286778
2026-03-16,BRN Nov26,2026-09-25,56.8,0.750033,0.349394
2026-03-16,BRN Nov26,2026-09-25,60.58,0.799947,0.334723
2026-03-16,BRN Nov26,2026-09-25,64.37,0.849993,0.322803
2026-03-16,BRN Nov26,2026-09-25,68.16,0.90004,0.313251
2026-03-16,BRN Nov26,2026-09-25,71.94,0.949954,0.30574
2026-03-16,BRN Nov26,2026-09-25,75.73,1.0,0.299946
2026-03-16,BRN Nov26,2026-09-25,79.52,1.050046,0.295659
2026-03-16,BRN Nov26,2026-09-25,83.3,1.09996,0.292688
2026-03-16,BRN Nov26,2026-09-25,87.09,1.150007,0.290853
2026-03-16,BRN Nov26,2026-09-25,90.88,1.200053,0.290024
2026-03-16,BRN Nov26,2026-09-25,94.66,1.249967,0.29008
2026-03-17,BRN Nov26,2026-09-25,57.55,0.749935,0.348433
2026-03-17,BRN Nov26,2026-09-25,61.39,0.799974,0.333723
2026-03-17,BRN Nov26,2026-09-25,65.23,0.850013,0.321806
2026-03-17,BRN Nov26,2026-09-25,69.07,0.900052,0.312256
2026-03-17,BRN Nov26,2026-09-25,72.9,0.949961,0.304746
2026-03-17,BRN Nov26,2026-09-25,76.74,1.0,0.298954
2026-03-17,BRN Nov26,2026-09-25,80.58,1.050039,0.294667
2026-03-17,BRN Nov26,2026-09-25,84.41,1.099948,0.291696
2026-03-17,BRN Nov26,2026-09-25,88.25,1.149987,0.289861
2026-03-17,BRN Nov26,2026-09-25,92.09,1.200026,0.289032
2026-03-17,BRN Nov26,2026-09-25,95.92,1.249935,0.289087
2026-03-18,BRN Nov26,2026-09-25,57.54,0.75,0.351787
2026-03-18,BRN Nov26,2026-09-25,61.38,0.800052,0.337078
2026-03-18,BRN Nov26,2026-09-25,65.21,0.849974,0.325189
2026-03-18,BRN Nov26,2026-09-25,69.05,0.900026,0.315636
2026-03-18,BRN Nov26,2026-09-25,72.88,0.949948,0.308123
2026-03-18,BRN Nov26,2026-09-25,76.72,1.0,0.302329
2026-03-18,BRN Nov26,2026-09-25,80.56,1.050052,0.298041
2026-03-18,BRN Nov26,2026-09-25,84.39,1.099974,0.29507
2026-03-18,BRN Nov26,2026-09-25,88.23,1.150026,0.293235
2026-03-18,BRN Nov26,2026-09-25,92.06,1.199948,0.292407
2026-03-18,BRN Nov26,2026-09-25,95.9,1.25,0.292463
2026-03-19,BRN Nov26,2026-09-25,58.66,0.749936,0.352888
2026-03-19,BRN Nov26,2026-09-25,62.58,0.800051,0.338158
2026-03-19,BRN Nov26,2026-09-25,66.49,0.850038,0.326256
2026-03-19,BRN Nov26,2026-09-25,70.4,0.900026,0.316716
2026-03-19,BRN Nov26,2026-09-25,74.31,0.950013,0.309194
2026-03-19,BRN Nov26,2026-09-25,78.22,1.0,0.303409
2026-03-19,BRN Nov26,2026-09-25,82.13,1.049987,0.299126
2026-03-19,BRN Nov26,2026-09-25,86.04,1.099974,0.29615
2026-03-19,BRN Nov26,2026-09-25,89.95,1.149962,0.294317
2026-03-19,BRN Nov26,2026-09-25,93.86,1.199949,0.293488
2026-03-19,BRN Nov26,2026-09-25,97.78,1.250064,0.293544
2026-03-20,BRN Nov26,2026-09-25,59.16,0.75,0.352372
2026-03-20,BRN Nov26,2026-09-25,63.1,0.799949,0.337689
2026-03-20,BRN Nov26,2026-09-25,67.05,0.850025,0.325763
2026-03-20,BRN Nov26,2026-09-25,70.99,0.899975,0.316229
2026-03-20,BRN Nov26,2026-09-25,74.94,0.950051,0.308694
2026-03-20,BRN Nov26,2026-09-25,78.88,1.0,0.302913
2026-03-20,BRN Nov26,2026-09-25,82.82,1.049949,0.298633
2026-03-20,BRN Nov26,2026-09-25,86.77,1.100025,0.295652
2026-03-20,BRN Nov26,2026-09-25,90.71,1.149975,0.293821
2026-03-20,BRN Nov26,2026-09-25,94.66,1.200051,0.292991
2026-03-20,BRN Nov26,2026-09-25,98.6,1.25,0.293047
2026-03-23,BRN Nov26,2026-09-25,58.3,0.749936,0.353352
2026-03-23,BRN Nov26,2026-09-25,62.19,0.799974,0.338642
2026-03-23,BRN Nov26,2026-09-25,66.08,0.850013,0.326725
2026-03-23,BRN Nov26,2026-09-25,69.97,0.900051,0.317175
2026-03-23,BRN Nov26,2026-09-25,73.85,0.949961,0.309664
2026-03-23,BRN Nov26,2026-09-25,77.74,1.0,0.303872
2026-03-23,BRN Nov26,2026-09-25,81.63,1.050039,0.299586
2026-03-23,BRN Nov26,2026-09-25,85.51,1.099949,0.296615
2026-03-23,BRN Nov26,2026-09-25,89.4,1.149987,0.29478
2026-03-23,BRN Nov26,2026-09-25,93.29,1.200026,0.29395
2026-03-23,BRN Nov26,2026-09-25,97.18,1.250064,0.294007
2026-03-24,BRN Nov26,2026-09-25,58.64,0.749968,0.359078
2026-03-24,BRN Nov26,2026-09-25,62.55,0.799974,0.344379
2026-03-24,BRN Nov26,2026-09-25,66.46,0.849981,0.332468
2026-03-24,BRN Nov26,2026-09-25,70.37,0.899987,0.322923
2026-03-24,BRN Nov26,2026-09-25,74.28,0.949994,0.315397
2026-03-24,BRN Nov26,2026-09-25,78.19,1.0,0.309609
2026-03-24,BRN Nov26,2026-09-25,82.1,1.050006,0.305325
2026-03-24,BRN Nov26,2026-09-25,86.01,1.100013,0.302349
2026-03-24,BRN Nov26,2026-09-25,89.92,1.150019,0.300516
2026-03-24,BRN Nov26,2026-09-25,93.83,1.200026,0.299687
2026-03-24,BRN Nov26,2026-09-25,97.74,1.250032,0.299743
2026-03-25,BRN Nov26,2026-09-25,57.61,0.749935,0.365031
2026-03-25,BRN Nov26,2026-09-25,61.46,0.800052,0.350301
2026-03-25,BRN Nov26,2026-09-25,65.3,0.850039,0.338398
2026-03-25,BRN Nov26,2026-09-25,69.14,0.900026,0.328859
2026-03-25,BRN Nov26,2026-09-25,72.98,0.950013,0.321337
2026-03-25,BRN Nov26,2026-09-25,76.82,1.0,0.315552
2026-03-25,BRN Nov26,2026-09-25,80.66,1.049987,0.311269
2026-03-25,BRN Nov26,2026-09-25,84.5,1.099974,0.308293
2026-03-25,BRN Nov26,2026-09-25,88.34,1.149961,0.30646
2026-03-25,BRN Nov26,2026-09-25,92.18,1.199948,0.30563
2026-03-25,BRN Nov26,2026-09-25,96.02,1.249935,0.305685
2026-03-26,BRN Nov26,2026-09-25,58.42,0.750032,0.364741
2026-03-26,BRN Nov26,2026-09-25,62.31,0.799974,0.350063
2026-03-26,BRN Nov26,2026-09-25,66.21,0.850045,0.338139
2026-03-26,BRN Nov26,2026-09-25,70.1,0.899987,0.328607
2026-03-26,BRN Nov26,2026-09-25,74.0,0.950058,0.321073
2026-03-26,BRN Nov26,2026-09-25,77.89,1.0,0.315293
2026-03-26,BRN Nov26,2026-09-25,81.78,1.049942,0.311014
2026-03-26,BRN Nov26,2026-09-25,85.68,1.100013,0.308033
2026-03-26,BRN Nov26,2026-09-25,89.57,1.149955,0.306202
2026-03-26,BRN Nov26,2026-09-25,93.47,1.200026,0.305371
2026-03-26,BRN Nov26,2026-09-25,97.36,1.249968,0.305427
2026-03-27,BRN Nov26,2026-09-25,58.36,0.750032,0.364763
2026-03-27,BRN Nov26,2026-09-25,62.25,0.800026,0.350071
2026-03-27,BRN Nov26,2026-09-25,66.14,0.850019,0.338166
2026-03-27,BRN Nov26,2026-09-25,70.03,0.900013,0.328624
2026-03-27,BRN Nov26,2026-09-25,73.92,0.950006,0.321101
2026-03-27,BRN Nov26,2026-09-25,77.81,1.0,0.315315
2026-03-27,BRN Nov26,2026-09-25,81.7,1.049994,0.311032
2026-03-27,BRN Nov26,2026-09-25,85.59,1.099987,0.308056
2026-03-27,BRN Nov26,2026-09-25,89.48,1.149981,0.306223
2026-03-27,BRN Nov26,2026-09-25,93.37,1.199974,0.305394
2026-03-27,BRN Nov26,2026-09-25,97.26,1.249968,0.305449
2026-03-30,BRN Nov26,2026-09-25,58.12,0.749935,0.367564
2026-03-30,BRN Nov26,2026-09-25,62.0,0.8,0.352847
2026-03-30,BRN Nov26,2026-09-25,65.88,0.850065,0.340926
2026-03-30,BRN Nov26,2026-09-25,69.75,0.9,0.331396
2026-03-30,BRN Nov26,2026-09-25,73.62,0.949935,0.32388
2026-03-30,BRN Nov26,2026-09-25,77.5,1.0,0.318084
2026-03-30,BRN Nov26,2026-09-25,81.38,1.050065,0.313796
2026-03-30,BRN Nov26,2026-09-25,85.25,1.1,0.310824
2026-03-30,BRN Nov26,2026-09-25,89.12,1.149935,0.308993
2026-03-30,BRN Nov26,2026-09-25,93.0,1.2,0.308163
2026-03-30,BRN Nov26,2026-09-25,96.88,1.250065,0.308219
2026-03-31,BRN Nov26,2026-09-25,57.4,0.749935,0.364485
2026-03-31,BRN Nov26,2026-09-25,61.23,0.799974,0.349774
2026-03-31,BRN Nov26,2026-09-25,65.06,0.850013,0.337857
2026-03-31,BRN Nov26,2026-09-25,68.89,0.900052,0.328307
2026-03-31,BRN Nov26,2026-09-25,72.71,0.949961,0.320797
2026-03-31,BRN Nov26,2026-09-25,76.54,1.0,0.315005
2026-03-31,BRN Nov26,2026-09-25,80.37,1.050039,0.310718
2026-03-31,BRN Nov26,2026-09-25,84.19,1.099948,0.307747
2026-03-31,BRN Nov26,2026-09-25,88.02,1.149987,0.305912
2026-03-31,BRN Nov26,2026-09-25,91.85,1.200026,0.305083
2026-03-31,BRN Nov26,2026-09-25,95.68,1.250065,0.305139
2026-04-01,BRN Nov26,2026-09-25,58.64,0.750064,0.364992
2026-04-01,BRN Nov26,2026-09-25,62.54,0.799949,0.35033
2026-04-01,BRN Nov26,2026-09-25,66.45,0.849962,0.338417
2026-04-01,BRN Nov26,2026-09-25,70.36,0.899974,0.32887
2026-04-01,BRN Nov26,2026-09-25,74.27,0.949987,0.321343
2026-04-01,BRN Nov26,2026-09-25,78.18,1.0,0.315554
2026-04-01,BRN Nov26,2026-09-25,82.09,1.050013,0.311269
2026-04-01,BRN Nov26,2026-09-25,86.0,1.100026,0.308293
2026-04-01,BRN Nov26,2026-09-25,89.91,1.150038,0.30646
2026-04-01,BRN Nov26,2026-09-25,93.82,1.200051,0.305632
2026-04-01,BRN Nov26,2026-09-25,97.72,1.249936,0.305687
2026-04-02,BRN Nov26,2026-09-25,58.48,0.750032,0.364458
2026-04-02,BRN Nov26,2026-09-25,62.38,0.800051,0.349759
2026-04-02,BRN Nov26,2026-09-25,66.27,0.849942,0.337877
2026-04-02,BRN Nov26,2026-09-25,70.17,0.899962,0.328328
2026-04-02,BRN Nov26,2026-09-25,74.07,0.949981,0.320799
2026-04-02,BRN Nov26,2026-09-25,77.97,1.0,0.31501
2026-04-02,BRN Nov26,2026-09-25,81.87,1.050019,0.310725
2026-04-02,BRN Nov26,2026-09-25,85.77,1.100038,0.307748
2026-04-02,BRN Nov26,2026-09-25,89.67,1.150058,0.305915
2026-04-02,BRN Nov26,2026-09-25,93.56,1.199949,0.305088
2026-04-02,BRN Nov26,2026-09-25,97.46,1.249968,0.305143
2026-04-03,BRN Nov26,2026-09-25,57.96,0.75,0.36496
2026-04-03,BRN Nov26,2026-09-25,61.82,0.799948,0.350278
2026-04-03,BRN Nov26,2026-09-25,65.69,0.850026,0.338351
2026-04-03,BRN Nov26,2026-09-25,69.55,0.899974,0.328817
2026-04-03,BRN Nov26,2026-09-25,73.42,0.950052,0.321281
2026-04-03,BRN Nov26,2026-09-25,77.28,1.0,0.315501
2026-04-03,BRN Nov26,2026-09-25,81.14,1.049948,0.311221
2026-04-03,BRN Nov26,2026-09-25,85.01,1.100026,0.30824
2026-04-03,BRN Nov26,2026-09-25,88.87,1.149974,0.306409
2026-04-03,BRN Nov26,2026-09-25,92.74,1.200052,0.305579
2026-04-03,BRN Nov26,2026-09-25,96.6,1.25,0.305635
2026-04-06,BRN Nov26,2026-09-25,57.55,0.750033,0.361984
2026-04-06,BRN Nov26,2026-09-25,61.38,0.799948,0.347312
2026-04-06,BRN Nov26,2026-09-25,65.22,0.849993,0.335392
2026-04-06,BRN Nov26,2026-09-25,69.06,0.900039,0.325841
2026-04-06,BRN Nov26,2026-09-25,72.89,0.949954,0.318329
2026-04-06,BRN Nov26,2026-09-25,76.73,1.0,0.312536
2026-04-06,BRN Nov26,2026-09-25,80.57,1.050046,0.308249
2026-04-06,BRN Nov26,2026-09-25,84.4,1.099961,0.305278
2026-04-06,BRN Nov26,2026-09-25,88.24,1.150007,0.303443
2026-04-06,BRN Nov26,2026-09-25,92.08,1.200052,0.302614
2026-04-06,BRN Nov26,2026-09-25,95.91,1.249967,0.30267
2026-04-07,BRN Nov26,2026-09-25,58.21,0.750032,0.356839
2026-04-07,BRN Nov26,2026-09-25,62.09,0.800026,0.342147
2026-04-07,BRN Nov26,2026-09-25,65.97,0.850019,0.330242
2026-04-07,BRN Nov26,2026-09-25,69.85,0.900013,0.3207
2026-04-07,BRN Nov26,2026-09-25,73.73,0.950006,0.313178
2026-04-07,BRN Nov26,2026-09-25,77.61,1.0,0.307391
2026-04-07,BRN Nov26,2026-09-25,81.49,1.049994,0.303108
2026-04-07,BRN Nov26,2026-09-25,85.37,1.099987,0.300132
2026-04-07,BRN Nov26,2026-09-25,89.25,1.149981,0.298299
2026-04-07,BRN Nov26,2026-09-25,93.13,1.199974,0.29747
2026-04-07,BRN Nov26,2026-09-25,97.01,1.249968,0.297525
2026-04-08,BRN Nov26,2026-09-25,58.54,0.750032,0.350399
2026-04-08,BRN Nov26,2026-09-25,62.44,0.8,0.335713
2026-04-08,BRN Nov26,2026-09-25,66.34,0.849968,0.323812
2026-04-08,BRN Nov26,2026-09-25,70.24,0.899936,0.314273
2026-04-08,BRN Nov26,2026-09-25,74.15,0.950032,0.306733
2026-04-08,BRN Nov26,2026-09-25,78.05,1.0,0.300951
2026-04-08,BRN Nov26,2026-09-25,81.95,1.049968,0.296669
2026-04-08,BRN Nov26,2026-09-25,85.86,1.100064,0.293688
2026-04-08,BRN Nov26,2026-09-25,89.76,1.150032,0.291857
2026-04-08,BRN Nov26,2026-09-25,93.66,1.2,0.291029
2026-04-08,BRN Nov26,2026-09-25,97.56,1.249968,0.291084
2026-04-09,BRN Nov26,2026-09-25,58.93,0.750032,0.347018
2026-04-09,BRN Nov26,2026-09-25,62.86,0.800051,0.332319
2026-04-09,BRN Nov26,2026-09-25,66.78,0.849943,0.320437
2026-04-09,BRN Nov26,2026-09-25,70.71,0.899962,0.310888
2026-04-09,BRN Nov26,2026-09-25,74.64,0.949981,0.30336
2026-04-09,BRN Nov26,2026-09-25,78.57,1.0,0.29757
2026-04-09,BRN Nov26,2026-09-25,82.5,1.050019,0.293285
2026-04-09,BRN Nov26,2026-09-25,86.43,1.100038,0.290308
2026-04-09,BRN Nov26,2026-09-25,90.36,1.150057,0.288476
2026-04-09,BRN Nov26,2026-09-25,94.28,1.199949,0.287648
2026-04-09,BRN Nov26,2026-09-25,98.21,1.249968,0.287704
2026-04-10,BRN Nov26,2026-09-25,59.47,0.749937,0.345746
2026-04-10,BRN Nov26,2026-09-25,63.44,0.8,0.331029
2026-04-10,BRN Nov26,2026-09-25,67.4,0.849937,0.319135
2026-04-10,BRN Nov26,2026-09-25,71.37,0.9,0.309578
2026-04-10,BRN Nov26,2026-09-25,75.33,0.949937,0.302062
2026-04-10,BRN Nov26,2026-09-25,79.3,1.0,0.296267
2026-04-10,BRN Nov26,2026-09-25,83.26,1.049937,0.291987
2026-04-10,BRN Nov26,2026-09-25,87.23,1.1,0.289007
2026-04-10,BRN Nov26,2026-09-25,91.2,1.150063,0.287172
2026-04-10,BRN Nov26,2026-09-25,95.16,1.2,0.286345
2026-04-10,BRN Nov26,2026-09-25,99.12,1.249937,0.2864
2026-04-13,BRN Nov26,2026-09-25,61.92,0.75,0.344958
2026-04-13,BRN Nov26,2026-09-25,66.05,0.800024,0.330255
2026-04-13,BRN Nov26,2026-09-25,70.18,0.850048,0.318344
2026-04-13,BRN Nov26,2026-09-25,74.3,0.899952,0.308819
2026-04-13,BRN Nov26,2026-09-25,78.43,0.949976,0.30129
2026-04-13,BRN Nov26,2026-09-25,82.56,1.0,0.295499
2026-04-13,BRN Nov26,2026-09-25,86.69,1.050024,0.291214
2026-04-13,BRN Nov26,2026-09-25,90.82,1.100048,0.288237
2026-04-13,BRN Nov26,2026-09-25,94.94,1.149952,0.286408
2026-04-13,BRN Nov26,2026-09-25,99.07,1.199976,0.285578
2026-04-13,BRN Nov26,2026-09-25,103.2,1.25,0.285633
2026-04-14,BRN Nov26,2026-09-25,61.41,0.75,0.350904
2026-04-14,BRN Nov26,2026-09-25,65.5,0.799951,0.336221
2026-04-14,BRN Nov26,2026-09-25,69.6,0.850024,0.324296
2026-04-14,BRN Nov26,2026-09-25,73.69,0.899976,0.314761
2026-04-14,BRN Nov26,2026-09-25,77.79,0.950049,0.307227
2026-04-14,BRN Nov26,2026-09-25,81.88,1.0,0.301446
2026-04-14,BRN Nov26,2026-09-25,85.97,1.049951,0.297166
2026-04-14,BRN Nov26,2026-09-25,90.07,1.100024,0.294185
2026-04-14,BRN Nov26,2026-09-25,94.16,1.149976,0.292354
2026-04-14,BRN Nov26,2026-09-25,98.26,1.200049,0.291524
2026-04-14,BRN Nov26,2026-09-25,102.35,1.25,0.29158
2026-04-15,BRN Nov26,2026-09-25,60.83,0.749969,0.354189
2026-04-15,BRN Nov26,2026-09-25,64.89,0.800025,0.339477
2026-04-15,BRN Nov26,2026-09-25,68.94,0.849957,0.327585
2026-04-15,BRN Nov26,2026-09-25,73.0,0.900012,0.31803
2026-04-15,BRN Nov26,2026-09-25,77.05,0.949945,0.310515
2026-04-15,BRN Nov26,2026-09-25,81.11,1.0,0.304721
2026-04-15,BRN Nov26,2026-09-25,85.17,1.050055,0.300433
2026-04-15,BRN Nov26,2026-09-25,89.22,1.099988,0.297461
2026-04-15,BRN Nov26,2026-09-25,93.28,1.150043,0.295627
2026-04-15,BRN Nov26,2026-09-25,97.33,1.199975,0.294799
2026-04-15,BRN Nov26,2026-09-25,101.39,1.250031,0.294855
2026-04-16,BRN Nov26,2026-09-25,59.97,0.75,0.351151
2026-04-16,BRN Nov26,2026-09-25,63.97,0.800025,0.336449
2026-04-16,BRN Nov26,2026-09-25,67.97,0.85005,0.324537
2026-04-16,BRN Nov26,2026-09-25,71.96,0.89995,0.315012
2026-04-16,BRN Nov26,2026-09-25,75.96,0.949975,0.307483
2026-04-16,BRN Nov26,2026-09-25,79.96,1.0,0.301693
2026-04-16,BRN Nov26,2026-09-25,83.96,1.050025,0.297407
2026-04-16,BRN Nov26,2026-09-25,87.96,1.10005,0.29443
2026-04-16,BRN Nov26,2026-09-25,91.95,1.14995,0.292601
2026-04-16,BRN Nov26,2026-09-25,95.95,1.199975,0.291771
2026-04-16,BRN Nov26,2026-09-25,99.95,1.25,0.291827
2026-04-17,BRN Nov26,2026-09-25,60.7,0.750031,0.352133
2026-04-17,BRN Nov26,2026-09-25,64.74,0.799951,0.337461
2026-04-17,BRN Nov26,2026-09-25,68.79,0.849994,0.325541
2026-04-17,BRN Nov26,2026-09-25,72.84,0.900037,0.31599
2026-04-17,BRN Nov26,2026-09-25,76.88,0.949957,0.308478
2026-04-17,BRN Nov26,2026-09-25,80.93,1.0,0.302685
2026-04-17,BRN Nov26,2026-09-25,84.98,1.050043,0.298398
2026-04-17,BRN Nov26,2026-09-25,89.02,1.099963,0.295427
2026-04-17,BRN Nov26,2026-09-25,93.07,1.150006,0.293592
2026-04-17,BRN Nov26,2026-09-25,97.12,1.200049,0.292763
2026-04-17,BRN Nov26,2026-09-25,101.16,1.249969,0.292819
2026-04-20,BRN Nov26,2026-09-25,61.86,0.75,0.350842
2026-04-20,BRN Nov26,2026-09-25,65.98,0.799952,0.336159
2026-04-20,BRN Nov26,2026-09-25,70.11,0.850024,0.324233
2026-04-20,BRN Nov26,2026-09-25,74.23,0.899976,0.314699
2026-04-20,BRN Nov26,2026-09-25,78.36,0.950048,0.307164
2026-04-20,BRN Nov26,2026-09-25,82.48,1.0,0.301383
2026-04-20,BRN Nov26,2026-09-25,86.6,1.049952,0.297103
2026-04-20,BRN Nov26,2026-09-25,90.73,1.100024,0.294122
2026-04-20,BRN Nov26,2026-09-25,94.85,1.149976,0.292291
2026-04-20,BRN Nov26,2026-09-25,98.98,1.200048,0.291461
2026-04-20,BRN Nov26,2026-09-25,103.1,1.25,0.291517
2026-04-21,BRN Nov26,2026-09-25,61.72,0.75003,0.349937
2026-04-21,BRN Nov26,2026-09-25,65.83,0.799976,0.335258
2026-04-21,BRN Nov26,2026-09-25,69.95,0.850043,0.323335
2026-04-21,BRN Nov26,2026-09-25,74.06,0.899988,0.313802
2026-04-21,BRN Nov26,2026-09-25,78.18,0.950055,0.306268
2026-04-21,BRN Nov26,2026-09-25,82.29,1.0,0.300489
2026-04-21,BRN Nov26,2026-09-25,86.4,1.049945,0.296209
2026-04-21,BRN Nov26,2026-09-25,90.52,1.100012,0.293228
2026-04-21,BRN Nov26,2026-09-25,94.63,1.149957,0.291397
2026-04-21,BRN Nov26,2026-09-25,98.75,1.200024,0.290567
2026-04-21,BRN Nov26,2026-09-25,102.86,1.24997,0.290622
2026-04-22,BRN Nov26,2026-09-25,60.83,0.749969,0.350498
2026-04-22,BRN Nov26,2026-09-25,64.89,0.800025,0.335786
2026-04-22,BRN Nov26,2026-09-25,68.94,0.849957,0.323894
2026-04-22,BRN Nov26,2026-09-25,73.0,0.900012,0.314339
2026-04-22,BRN Nov26,2026-09-25,77.05,0.949945,0.306824
2026-04-22,BRN Nov26,2026-09-25,81.11,1.0,0.30103
2026-04-22,BRN Nov26,2026-09-25,85.17,1.050055,0.296742
2026-04-22,BRN Nov26,2026-09-25,89.22,1.099988,0.293771
2026-04-22,BRN Nov26,2026-09-25,93.28,1.150043,0.291936
2026-04-22,BRN Nov26,2026-09-25,97.33,1.199975,0.291108
2026-04-22,BRN Nov26,2026-09-25,101.39,1.250031,0.291164
2026-04-23,BRN Nov26,2026-09-25,59.96,0.750063,0.352295
2026-04-23,BRN Nov26,2026-09-25,63.95,0.799975,0.337626
2026-04-23,BRN Nov26,2026-09-25,67.95,0.850013,0.325709
2026-04-23,BRN Nov26,2026-09-25,71.95,0.90005,0.316159
2026-04-23,BRN Nov26,2026-09-25,75.94,0.949962,0.308649
2026-04-23,BRN Nov26,2026-09-25,79.94,1.0,0.302857
2026-04-23,BRN Nov26,2026-09-25,83.94,1.050038,0.29857
2026-04-23,BRN Nov26,2026-09-25,87.93,1.09995,0.295599
2026-04-23,BRN Nov26,2026-09-25,91.93,1.149987,0.293764
2026-04-23,BRN Nov26,2026-09-25,95.93,1.200025,0.292935
2026-04-23,BRN Nov26,2026-09-25,99.92,1.249937,0.29299
2026-04-24,BRN Nov26,2026-09-25,60.62,0.749969,0.351222
2026-04-24,BRN Nov26,2026-09-25,64.66,0.799951,0.336529
2026-04-24,BRN Nov26,2026-09-25,68.71,0.850056,0.324596
2026-04-24,BRN Nov26,2026-09-25,72.75,0.900037,0.315058
2026-04-24,BRN Nov26,2026-09-25,76.79,0.950019,0.307538
2026-04-24,BRN Nov26,2026-09-25,80.83,1.0,0.301753
2026-04-24,BRN Nov26,2026-09-25,84.87,1.049981,0.297471
2026-04-24,BRN Nov26,2026-09-25,88.91,1.099963,0.294495
2026-04-24,BRN Nov26,2026-09-25,92.95,1.149944,0.292662
2026-04-24,BRN Nov26,2026-09-25,97.0,1.200049,0.291831
2026-04-24,BRN Nov26,2026-09-25,101.04,1.250031,0.291887
2026-04-27,BRN Nov26,2026-09-25,61.4,0.749969,0.35436
2026-04-27,BRN Nov26,2026-09-25,65.5,0.800049,0.339642
2026-04-27,BRN Nov26,2026-09-25,69.59,0.850006,0.327746
2026-04-27,BRN Nov26,2026-09-25,73.68,0.899963,0.31821
2026-04-27,BRN Nov26,2026-09-25,77.78,0.950043,0.310673
2026-04-27,BRN Nov26,2026-09-25,81.87,1.0,0.304892
2026-04-27,BRN Nov26,2026-09-25,85.96,1.049957,0.300611
2026-04-27,BRN Nov26,2026-09-25,90.06,1.100037,0.29763
2026-04-27,BRN Nov26,2026-09-25,94.15,1.149994,0.295799
2026-04-27,BRN Nov26,2026-09-25,98.24,1.199951,0.294971
2026-04-27,BRN Nov26,2026-09-25,102.34,1.250031,0.295026
2026-04-28,BRN Nov26,2026-09-25,61.93,0.75003,0.350768
2026-04-28,BRN Nov26,2026-09-25,66.06,0.800048,0.336069
2026-04-28,BRN Nov26,2026-09-25,70.18,0.849946,0.324186
2026-04-28,BRN Nov26,2026-09-25,74.31,0.899964,0.314637
2026-04-28,BRN Nov26,2026-09-25,78.44,0.949982,0.307109
2026-04-28,BRN Nov26,2026-09-25,82.57,1.0,0.301319
2026-04-28,BRN Nov26,2026-09-25,86.7,1.050018,0.297034
2026-04-28,BRN Nov26,2026-09-25,90.83,1.100036,0.294058
2026-04-28,BRN Nov26,2026-09-25,94.96,1.150054,0.292225
2026-04-28,BRN Nov26,2026-09-25,99.08,1.199952,0.291398
2026-04-28,BRN Nov26,2026-09-25,103.21,1.24997,0.291453
2026-04-29,BRN Nov26,2026-09-25,61.18,0.749939,0.350777
2026-04-29,BRN Nov26,2026-09-25,65.26,0.799951,0.336074
2026-04-29,BRN Nov26,2026-09-25,69.34,0.849963,0.324162
2026-04-29,BRN Nov26,2026-09-25,73.42,0.899975,0.314614
2026-04-29,BRN Nov26,2026-09-25,77.5,0.949988,0.307088
2026-04-29,BRN Nov26,2026-09-25,81.58,1.0,0.301299
2026-04-29,BRN Nov26,2026-09-25,85.66,1.050012,0.297014
2026-04-29,BRN Nov26,2026-09-25,89.74,1.100025,0.294038
2026-04-29,BRN Nov26,2026-09-25,93.82,1.150037,0.292205
2026-04-29,BRN Nov26,2026-09-25,97.9,1.200049,0.291377
2026-04-29,BRN Nov26,2026-09-25,101.98,1.250061,0.291433
2026-04-30,BRN Nov26,2026-09-25,61.42,0.750031,0.358501
2026-04-30,BRN Nov26,2026-09-25,65.51,0.799976,0.343822
2026-04-30,BRN Nov26,2026-09-25,69.61,0.850043,0.331899
2026-04-30,BRN Nov26,2026-09-25,73.7,0.899988,0.322366
2026-04-30,BRN Nov26,2026-09-25,77.8,0.950055,0.314833
2026-04-30,BRN Nov26,2026-09-25,81.89,1.0,0.309053
2026-04-30,BRN Nov26,2026-09-25,85.98,1.049945,0.304773
2026-04-30,BRN Nov26,2026-09-25,90.08,1.100012,0.301792
2026-04-30,BRN Nov26,2026-09-25,94.17,1.149957,0.299961
2026-04-30,BRN Nov26,2026-09-25,98.27,1.200024,0.299131
2026-04-30,BRN Nov26,2026-09-25,102.36,1.249969,0.299187
2026-05-01,BRN Nov26,2026-09-25,61.55,0.74997,0.358919
2026-05-01,BRN Nov26,2026-09-25,65.66,0.800049,0.3442
2026-05-01,BRN Nov26,2026-09-25,69.76,0.850006,0.332304
2026-05-01,BRN Nov26,2026-09-25,73.86,0.899963,0.322768
2026-05-01,BRN Nov26,2026-09-25,77.97,0.950043,0.315232
2026-05-01,BRN Nov26,2026-09-25,82.07,1.0,0.309451
2026-05-01,BRN Nov26,2026-09-25,86.17,1.049957,0.30517
2026-05-01,BRN Nov26,2026-09-25,90.28,1.100037,0.302189
2026-05-01,BRN Nov26,2026-09-25,94.38,1.149994,0.300358
2026-05-01,BRN Nov26,2026-09-25,98.48,1.199951,0.299529
2026-05-01,BRN Nov26,2026-09-25,102.59,1.25003,0.299585
2026-05-04,BRN Nov26,2026-09-25,61.76,0.74997,0.362935
2026-05-04,BRN Nov26,2026-09-25,65.88,0.8,0.348229
2026-05-04,BRN Nov26,2026-09-25,70.0,0.85003,0.336315
2026-05-04,BRN Nov26,2026-09-25,74.11,0.899939,0.326788
2026-05-04,BRN Nov26,2026-09-25,78.23,0.94997,0.319258
2026-05-04,BRN Nov26,2026-09-25,82.35,1.0,0.313467
2026-05-04,BRN Nov26,2026-09-25,86.47,1.05003,0.309181
2026-05-04,BRN Nov26,2026-09-25,90.58,1.099939,0.30621
2026-05-04,BRN Nov26,2026-09-25,94.7,1.14997,0.304375
2026-05-04,BRN Nov26,2026-09-25,98.82,1.2,0.303545
2026-05-04,BRN Nov26,2026-09-25,102.94,1.25003,0.303601
2026-05-05,BRN Nov26,2026-09-25,62.74,0.74994,0.362815
2026-05-05,BRN Nov26,2026-09-25,66.93,0.800024,0.348094
2026-05-05,BRN Nov26,2026-09-25,71.11,0.849988,0.336195
2026-05-05,BRN Nov26,2026-09-25,75.29,0.899952,0.326657
2026-05-05,BRN Nov26,2026-09-25,79.48,0.950036,0.31912
2026-05-05,BRN Nov26,2026-09-25,83.66,1.0,0.313337
2026-05-05,BRN Nov26,2026-09-25,87.84,1.049964,0.309056
2026-05-05,BRN Nov26,2026-09-25,92.03,1.100048,0.306075
2026-05-05,BRN Nov26,2026-09-25,96.21,1.150012,0.304244
2026-05-05,BRN Nov26,2026-09-25,100.39,1.199976,0.303416
2026-05-05,BRN Nov26,2026-09-25,104.57,1.24994,0.303471
2026-05-06,BRN Nov26,2026-09-25,63.03,0.75,0.364138
2026-05-06,BRN Nov26,2026-09-25,67.23,0.799976,0.349448
2026-05-06,BRN Nov26,2026-09-25,71.43,0.849952,0.337545
2026-05-06,BRN Nov26,2026-09-25,75.64,0.900048,0.327983
2026-05-06,BRN Nov26,2026-09-25,79.84,0.950024,0.320463
2026-05-06,BRN Nov26,2026-09-25,84.04,1.0,0.31468
2026-05-06,BRN Nov26,2026-09-25,88.24,1.049976,0.310397
2026-05-06,BRN Nov26,2026-09-25,92.44,1.099952,0.307422
2026-05-06,BRN Nov26,2026-09-25,96.65,1.150048,0.305585
2026-05-06,BRN Nov26,2026-09-25,100.85,1.200024,0.304757
2026-05-06,BRN Nov26,2026-09-25,105.05,1.25,0.304813
2026-05-07,BRN Nov26,2026-09-25,63.79,0.750029,0.363518
2026-05-07,BRN Nov26,2026-09-25,68.04,0.8,0.348831
2026-05-07,BRN Nov26,2026-09-25,72.29,0.849971,0.33693
2026-05-07,BRN Nov26,2026-09-25,76.54,0.899941,0.32739
2026-05-07,BRN Nov26,2026-09-25,80.8,0.950029,0.319852
2026-05-07,BRN Nov26,2026-09-25,85.05,1.0,0.314069
2026-05-07,BRN Nov26,2026-09-25,89.3,1.049971,0.309787
2026-05-07,BRN Nov26,2026-09-25,93.56,1.100059,0.306806
2026-05-07,BRN Nov26,2026-09-25,97.81,1.150029,0.304975
2026-05-07,BRN Nov26,2026-09-25,102.06,1.2,0.304147
2026-05-07,BRN Nov26,2026-09-25,106.31,1.249971,0.304202
2026-05-08,BRN Nov26,2026-09-25,63.87,0.75,0.362594
2026-05-08,BRN Nov26,2026-09-25,68.13,0.800023,0.347892
2026-05-08,BRN Nov26,2026-09-25,72.39,0.850047,0.33598
2026-05-08,BRN Nov26,2026-09-25,76.64,0.899953,0.326455
2026-05-08,BRN Nov26,2026-09-25,80.9,0.949977,0.318926
2026-05-08,BRN Nov26,2026-09-25,85.16,1.0,0.313135
2026-05-08,BRN Nov26,2026-09-25,89.42,1.050023,0.30885
2026-05-08,BRN Nov26,2026-09-25,93.68,1.100047,0.305873
2026-05-08,BRN Nov26,2026-09-25,97.93,1.149953,0.304044
2026-05-08,BRN Nov26,2026-09-25,102.19,1.199977,0.303214
2026-05-08,BRN Nov26,2026-09-25,106.45,1.25,0.303269
2026-05-11,BRN Nov26,2026-09-25,64.18,0.749942,0.35988
2026-05-11,BRN Nov26,2026-09-25,68.46,0.799953,0.345178
2026-05-11,BRN Nov26,2026-09-25,72.74,0.849965,0.333265
2026-05-11,BRN Nov26,2026-09-25,77.02,0.899977,0.323718
2026-05-11,BRN Nov26,2026-09-25,81.3,0.949988,0.316192
2026-05-11,BRN Nov26,2026-09-25,85.58,1.0,0.310403
2026-05-11,BRN Nov26,2026-09-25,89.86,1.050012,0.306118
2026-05-11,BRN Nov26,2026-09-25,94.14,1.100023,0.303142
2026-05-11,BRN Nov26,2026-09-25,98.42,1.150035,0.301309
2026-05-11,BRN Nov26,2026-09-25,102.7,1.200047,0.300481
2026-05-11,BRN Nov26,2026-09-25,106.98,1.250058,0.300537
2026-05-12,BRN Nov26,2026-09-25,64.9,0.750029,0.360831
2026-05-12,BRN Nov26,2026-09-25,69.22,0.799954,0.346157
2026-05-12,BRN Nov26,2026-09-25,73.55,0.849994,0.334238
2026-05-12,BRN Nov26,2026-09-25,77.88,0.900035,0.324687
2026-05-12,BRN Nov26,2026-09-25,82.2,0.94996,0.317174
2026-05-12,BRN Nov26,2026-09-25,86.53,1.0,0.311382
2026-05-12,BRN Nov26,2026-09-25,90.86,1.05004,0.307095
2026-05-12,BRN Nov26,2026-09-25,95.18,1.099965,0.304123
2026-05-12,BRN Nov26,2026-09-25,99.51,1.150006,0.302289
2026-05-12,BRN Nov26,2026-09-25,103.84,1.200046,0.30146
2026-05-12,BRN Nov26,2026-09-25,108.16,1.249971,0.301515
2026-05-13,BRN Nov26,2026-09-25,63.2,0.750059,0.357925
2026-05-13,BRN Nov26,2026-09-25,67.41,0.800024,0.343242
2026-05-13,BRN Nov26,2026-09-25,71.62,0.849988,0.331343
2026-05-13,BRN Nov26,2026-09-25,75.83,0.899953,0.321805
2026-05-13,BRN Nov26,2026-09-25,80.05,0.950036,0.314268
2026-05-13,BRN Nov26,2026-09-25,84.26,1.0,0.308486
2026-05-13,BRN Nov26,2026-09-25,88.47,1.049964,0.304204
2026-05-13,BRN Nov26,2026-09-25,92.69,1.100047,0.301223
2026-05-13,BRN Nov26,2026-09-25,96.9,1.150012,0.299393
2026-05-13,BRN Nov26,2026-09-25,101.11,1.199976,0.298564
2026-05-13,BRN Nov26,2026-09-25,105.32,1.249941,0.298619
2026-05-14,BRN Nov26,2026-09-25,62.84,0.74997,0.359696
2026-05-14,BRN Nov26,2026-09-25,67.03,0.799976,0.344997
2026-05-14,BRN Nov26,2026-09-25,71.22,0.849982,0.333087
2026-05-14,BRN Nov26,2026-09-25,75.41,0.899988,0.323541
2026-05-14,BRN Nov26,2026-09-25,79.6,0.949994,0.316016
2026-05-14,BRN Nov26,2026-09-25,83.79,1.0,0.310228
2026-05-14,BRN Nov26,2026-09-25,87.98,1.050006,0.305944
2026-05-14,BRN Nov26,2026-09-25,92.17,1.100012,0.302967
2026-05-14,BRN Nov26,2026-09-25,96.36,1.150018,0.301135
2026-05-14,BRN Nov26,2026-09-25,100.55,1.200024,0.300306
2026-05-14,BRN Nov26,2026-09-25,104.74,1.25003,0.300362
2026-05-15,BRN Nov26,2026-09-25,62.31,0.75,0.362635
2026-05-15,BRN Nov26,2026-09-25,66.46,0.799952,0.347952
2026-05-15,BRN Nov26,2026-09-25,70.62,0.850024,0.336027
2026-05-15,BRN Nov26,2026-09-25,74.77,0.899976,0.326492
2026-05-15,BRN Nov26,2026-09-25,78.93,0.950048,0.318958
2026-05-15,BRN Nov26,2026-09-25,83.08,1.0,0.313177
2026-05-15,BRN Nov26,2026-09-25,87.23,1.049952,0.308897
2026-05-15,BRN Nov26,2026-09-25,91.39,1.100024,0.305916
2026-05-15,BRN Nov26,2026-09-25,95.54,1.149976,0.304085
2026-05-15,BRN Nov26,2026-09-25,99.7,1.200048,0.303255
2026-05-15,BRN Nov26,2026-09-25,103.85,1.25,0.303311
2026-05-18,BRN Nov26,2026-09-25,61.69,0.75003,0.36333
2026-05-18,BRN Nov26,2026-09-25,65.8,0.8,0.348644
2026-05-18,BRN Nov26,2026-09-25,69.91,0.84997,0.336743
2026-05-18,BRN Nov26,2026-09-25,74.03,0.900061,0.327182
2026-05-18,BRN Nov26,2026-09-25,78.14,0.95003,0.319664
2026-05-18,BRN Nov26,2026-09-25,82.25,1.0,0.313881
2026-05-18,BRN Nov26,2026-09-25,86.36,1.04997,0.3096
2026-05-18,BRN Nov26,2026-09-25,90.48,1.100061,0.306618
2026-05-18,BRN Nov26,2026-09-25,94.59,1.15003,0.304788
2026-05-18,BRN Nov26,2026-09-25,98.7,1.2,0.303959
2026-05-18,BRN Nov26,2026-09-25,102.81,1.24997,0.304015
2026-05-19,BRN Nov26,2026-09-25,61.44,0.75,0.362064
2026-05-19,BRN Nov26,2026-09-25,65.54,0.800049,0.347356
2026-05-19,BRN Nov26,2026-09-25,69.63,0.849976,0.335466
2026-05-19,BRN Nov26,2026-09-25,73.73,0.900024,0.325913
2026-05-19,BRN Nov26,2026-09-25,77.82,0.949951,0.3184
2026-05-19,BRN Nov26,2026-09-25,81.92,1.0,0.312606
2026-05-19,BRN Nov26,2026-09-25,86.02,1.050049,0.308319
2026-05-19,BRN Nov26,2026-09-25,90.11,1.099976,0.305347
2026-05-19,BRN Nov26,2026-09-25,94.21,1.150024,0.303513
2026-05-19,BRN Nov26,2026-09-25,98.3,1.199951,0.302685
2026-05-19,BRN Nov26,2026-09-25,102.4,1.25,0.30274
2026-05-20,BRN Nov26,2026-09-25,63.08,0.74997,0.363058
2026-05-20,BRN Nov26,2026-09-25,67.29,0.800024,0.348346
2026-05-20,BRN Nov26,2026-09-25,71.49,0.849958,0.336454
2026-05-20,BRN Nov26,2026-09-25,75.7,0.900012,0.326899
2026-05-20,BRN Nov26,2026-09-25,79.9,0.949946,0.319384
2026-05-20,BRN Nov26,2026-09-25,84.11,1.0,0.31359
2026-05-20,BRN Nov26,2026-09-25,88.32,1.050054,0.309302
2026-05-20,BRN Nov26,2026-09-25,92.52,1.099988,0.30633
2026-05-20,BRN Nov26,2026-09-25,96.73,1.150042,0.304496
2026-05-20,BRN Nov26,2026-09-25,100.93,1.199976,0.303668
2026-05-20,BRN Nov26,2026-09-25,105.14,1.25003,0.303724
2026-05-21,BRN Nov26,2026-09-25,62.06,0.74997,0.361724
2026-05-21,BRN Nov26,2026-09-25,66.2,0.8,0.347019
2026-05-21,BRN Nov26,2026-09-25,70.34,0.85003,0.335105
2026-05-21,BRN Nov26,2026-09-25,74.48,0.90006,0.325557
2026-05-21,BRN Nov26,2026-09-25,78.61,0.94997,0.318047
2026-05-21,BRN Nov26,2026-09-25,82.75,1.0,0.312256
2026-05-21,BRN Nov26,2026-09-25,86.89,1.05003,0.30797
2026-05-21,BRN Nov26,2026-09-25,91.02,1.09994,0.304999
2026-05-21,BRN Nov26,2026-09-25,95.16,1.14997,0.303164
2026-05-21,BRN Nov26,2026-09-25,99.3,1.2,0.302334
2026-05-21,BRN Nov26,2026-09-25,103.44,1.25003,0.30239
2026-05-22,BRN Nov26,2026-09-25,63.07,0.75003,0.364144
2026-05-22,BRN Nov26,2026-09-25,67.27,0.799976,0.349464
2026-05-22,BRN Nov26,2026-09-25,71.48,0.850042,0.337541
2026-05-22,BRN Nov26,2026-09-25,75.68,0.899988,0.328008
2026-05-22,BRN Nov26,2026-09-25,79.89,0.950054,0.320475
2026-05-22,BRN Nov26,2026-09-25,84.09,1.0,0.314695
2026-05-22,BRN Nov26,2026-09-25,88.29,1.049946,0.310415
2026-05-22,BRN Nov26,2026-09-25,92.5,1.100012,0.307434
2026-05-22,BRN Nov26,2026-09-25,96.7,1.149958,0.305603
2026-05-22,BRN Nov26,2026-09-25,100.91,1.200024,0.304773
2026-05-22,BRN Nov26,2026-09-25,105.11,1.24997,0.304829
2026-05-25,BRN Nov26,2026-09-25,61.25,0.749969,0.358228
2026-05-25,BRN Nov26,2026-09-25,65.34,0.800049,0.34351
2026-05-25,BRN Nov26,2026-09-25,69.42,0.850006,0.331614
2026-05-25,BRN Nov26,2026-09-25,73.5,0.899963,0.322077
2026-05-25,BRN Nov26,2026-09-25,77.59,0.950043,0.314541
2026-05-25,BRN Nov26,2026-09-25,81.67,1.0,0.30876
2026-05-25,BRN Nov26,2026-09-25,85.75,1.049957,0.304479
2026-05-25,BRN Nov26,2026-09-25,89.84,1.100037,0.301498
2026-05-25,BRN Nov26,2026-09-25,93.92,1.149994,0.299667
2026-05-25,BRN Nov26,2026-09-25,98.0,1.199951,0.298838
2026-05-25,BRN Nov26,2026-09-25,102.09,1.250031,0.298894
2026-05-26,BRN Nov26,2026-09-25,60.88,0.750031,0.356939
2026-05-26,BRN Nov26,2026-09-25,64.94,0.800049,0.34224
2026-05-26,BRN Nov26,2026-09-25,68.99,0.849945,0.330357
2026-05-26,BRN Nov26,2026-09-25,73.05,0.899963,0.320808
2026-05-26,BRN Nov26,2026-09-25,77.11,0.949982,0.31328
2026-05-26,BRN Nov26,2026-09-25,81.17,1.0,0.30749
2026-05-26,BRN Nov26,2026-09-25,85.23,1.050018,0.303205
2026-05-26,BRN Nov26,2026-09-25,89.29,1.100037,0.300229
2026-05-26,BRN Nov26,2026-09-25,93.35,1.150055,0.298396
2026-05-26,BRN Nov26,2026-09-25,97.4,1.199951,0.297569
2026-05-26,BRN Nov26,2026-09-25,101.46,1.249969,0.297624
2026-05-27,BRN Nov26,2026-09-25,61.06,0.750031,0.350742
2026-05-27,BRN Nov26,2026-09-25,65.13,0.800025,0.336049
2026-05-27,BRN Nov26,2026-09-25,69.2,0.850018,0.324144
2026-05-27,BRN Nov26,2026-09-25,73.27,0.900012,0.314602
2026-05-27,BRN Nov26,2026-09-25,77.34,0.950006,0.307079
2026-05-27,BRN Nov26,2026-09-25,81.41,1.0,0.301293
2026-05-27,BRN Nov26,2026-09-25,85.48,1.049994,0.29701
2026-05-27,BRN Nov26,2026-09-25,89.55,1.099988,0.294034
2026-05-27,BRN Nov26,2026-09-25,93.62,1.149982,0.292201
2026-05-27,BRN Nov26,2026-09-25,97.69,1.199975,0.291371
2026-05-27,BRN Nov26,2026-09-25,101.76,1.249969,0.291427
2026-05-28,BRN Nov26,2026-09-25,61.6,0.75003,0.346218
2026-05-28,BRN Nov26,2026-09-25,65.7,0.799951,0.331545
2026-05-28,BRN Nov26,2026-09-25,69.81,0.849994,0.319625
2026-05-28,BRN Nov26,2026-09-25,73.92,0.900037,0.310074
2026-05-28,BRN Nov26,2026-09-25,78.02,0.949957,0.302562
2026-05-28,BRN Nov26,2026-09-25,82.13,1.0,0.296769
2026-05-28,BRN Nov26,2026-09-25,86.24,1.050043,0.292482
2026-05-28,BRN Nov26,2026-09-25,90.34,1.099963,0.289511
2026-05-28,BRN Nov26,2026-09-25,94.45,1.150006,0.287676
2026-05-28,BRN Nov26,2026-09-25,98.56,1.200049,0.286847
2026-05-28,BRN Nov26,2026-09-25,102.66,1.24997,0.286903
2026-05-29,BRN Nov26,2026-09-25,62.41,0.75003,0.350406
2026-05-29,BRN Nov26,2026-09-25,66.57,0.800024,0.335714
2026-05-29,BRN Nov26,2026-09-25,70.73,0.850018,0.323809
2026-05-29,BRN Nov26,2026-09-25,74.89,0.900012,0.314267
2026-05-29,BRN Nov26,2026-09-25,79.05,0.950006,0.306744
2026-05-29,BRN Nov26,2026-09-25,83.21,1.0,0.300958
2026-05-29,BRN Nov26,2026-09-25,87.37,1.049994,0.296674
2026-05-29,BRN Nov26,2026-09-25,91.53,1.099988,0.293698
2026-05-29,BRN Nov26,2026-09-25,95.69,1.149982,0.291865
2026-05-29,BRN Nov26,2026-09-25,99.85,1.199976,0.291036
2026-05-29,BRN Nov26,2026-09-25,104.01,1.24997,0.291091
2026-06-01,BRN Nov26,2026-09-25,63.29,0.74997,0.353083
2026-06-01,BRN Nov26,2026-09-25,67.51,0.799976,0.338383
2026-06-01,BRN Nov26,2026-09-25,71.73,0.849982,0.326473
2026-06-01,BRN Nov26,2026-09-25,75.95,0.899988,0.316928
2026-06-01,BRN Nov26,2026-09-25,80.17,0.949994,0.309402
2026-06-01,BRN Nov26,2026-09-25,84.39,1.0,0.303615
2026-06-01,BRN Nov26,2026-09-25,88.61,1.050006,0.29933
2026-06-01,BRN Nov26,2026-09-25,92.83,1.100012,0.296354
2026-06-01,BRN Nov26,2026-09-25,97.05,1.150018,0.294521
2026-06-01,BRN Nov26,2026-09-25,101.27,1.200024,0.293692
2026-06-01,BRN Nov26,2026-09-25,105.49,1.25003,0.293749
2026-06-02,BRN Nov26,2026-09-25,62.84,0.75006,0.350787
2026-06-02,BRN Nov26,2026-09-25,67.02,0.799952,0.336123
2026-06-02,BRN Nov26,2026-09-25,71.21,0.849964,0.32421
2026-06-02,BRN Nov26,2026-09-25,75.4,0.899976,0.314663
2026-06-02,BRN Nov26,2026-09-25,79.59,0.949988,0.307136
2026-06-02,BRN Nov26,2026-09-25,83.78,1.0,0.301348
2026-06-02,BRN Nov26,2026-09-25,87.97,1.050012,0.297063
2026-06-02,BRN Nov26,2026-09-25,92.16,1.100024,0.294087
2026-06-02,BRN Nov26,2026-09-25,96.35,1.150036,0.292254
2026-06-02,BRN Nov26,2026-09-25,100.54,1.200048,0.291425
2026-06-02,BRN Nov26,2026-09-25,104.72,1.24994,0.291481
2026-06-03,BRN Nov26,2026-09-25,62.3,0.75006,0.346239
2026-06-03,BRN Nov26,2026-09-25,66.45,0.800024,0.331556
2026-06-03,BRN Nov26,2026-09-25,70.6,0.849988,0.319657
2026-06-03,BRN Nov26,2026-09-25,74.75,0.899952,0.310119
2026-06-03,BRN Nov26,2026-09-25,78.91,0.950036,0.302582
2026-06-03,BRN Nov26,2026-09-25,83.06,1.0,0.2968
2026-06-03,BRN Nov26,2026-09-25,87.21,1.049964,0.292518
2026-06-03,BRN Nov26,2026-09-25,91.37,1.100048,0.289537
2026-06-03,BRN Nov26,2026-09-25,95.52,1.150012,0.287707
2026-06-03,BRN Nov26,2026-09-25,99.67,1.199976,0.286878
2026-06-03,BRN Nov26,2026-09-25,103.82,1.24994,0.286933
2026-06-04,BRN Nov26,2026-09-25,63.25,0.75003,0.337451
2026-06-04,BRN Nov26,2026-09-25,67.46,0.799953,0.322777
2026-06-04,BRN Nov26,2026-09-25,71.68,0.849994,0.310858
2026-06-04,BRN Nov26,2026-09-25,75.9,0.900036,0.301307
2026-06-04,BRN Nov26,2026-09-25,80.11,0.949958,0.293795
2026-06-04,BRN Nov26,2026-09-25,84.33,1.0,0.288002
2026-06-04,BRN Nov26,2026-09-25,88.55,1.050042,0.283715
2026-06-04,BRN Nov26,2026-09-25,92.76,1.099964,0.280744
2026-06-04,BRN Nov26,2026-09-25,96.98,1.150006,0.278909
2026-06-04,BRN Nov26,2026-09-25,101.2,1.200047,0.27808
2026-06-04,BRN Nov26,2026-09-25,105.41,1.24997,0.278136
2026-06-05,BRN Nov26,2026-09-25,63.03,0.75,0.33619
2026-06-05,BRN Nov26,2026-09-25,67.23,0.799976,0.3215
2026-06-05,BRN Nov26,2026-09-25,71.43,0.849952,0.309597
2026-06-05,BRN Nov26,2026-09-25,75.64,0.900048,0.300035
2026-06-05,BRN Nov26,2026-09-25,79.84,0.950024,0.292516
2026-06-05,BRN Nov26,2026-09-25,84.04,1.0,0.286732
2026-06-05,BRN Nov26,2026-09-25,88.24,1.049976,0.282449
2026-06-05,BRN Nov26,2026-09-25,92.44,1.099952,0.279474
2026-06-05,BRN Nov26,2026-09-25,96.65,1.150048,0.277637
2026-06-05,BRN Nov26,2026-09-25,100.85,1.200024,0.27681
2026-06-05,BRN Nov26,2026-09-25,105.05,1.25,0.276865
2026-06-08,BRN Nov26,2026-09-25,61.6,0.75003,0.343839
2026-06-08,BRN Nov26,2026-09-25,65.7,0.799951,0.329166
2026-06-08,BRN Nov26,2026-09-25,69.81,0.849994,0.317247
2026-06-08,BRN Nov26,2026-09-25,73.92,0.900037,0.307696
2026-06-08,BRN Nov26,2026-09-25,78.02,0.949957,0.300184
2026-06-08,BRN Nov26,2026-09-25,82.13,1.0,0.294391
2026-06-08,BRN Nov26,2026-09-25,86.24,1.050043,0.290104
2026-06-08,BRN Nov26,2026-09-25,90.34,1.099963,0.287133
2026-06-08,BRN Nov26,2026-09-25,94.45,1.150006,0.285298
2026-06-08,BRN Nov26,2026-09-25,98.56,1.200049,0.284469
2026-06-08,BRN Nov26,2026-09-25,102.66,1.24997,0.284525
2026-06-09,BRN Nov26,2026-09-25,60.35,0.749969,0.345332
2026-06-09,BRN Nov26,2026-09-25,64.38,0.80005,0.330613
2026-06-09,BRN Nov26,2026-09-25,68.4,0.850006,0.318717
2026-06-09,BRN Nov26,2026-09-25,72.42,0.899963,0.309181
2026-06-09,BRN Nov26,2026-09-25,76.45,0.950043,0.301645
2026-06-09,BRN Nov26,2026-09-25,80.47,1.0,0.295864
2026-06-09,BRN Nov26,2026-09-25,84.49,1.049957,0.291583
2026-06-09,BRN Nov26,2026-09-25,88.52,1.100037,0.288602
2026-06-09,BRN Nov26,2026-09-25,92.54,1.149994,0.286771
2026-06-09,BRN Nov26,2026-09-25,96.56,1.19995,0.285942
2026-06-09,BRN Nov26,2026-09-25,100.59,1.250031,0.285998
2026-06-10,BRN Nov26,2026-09-25,59.36,0.749968,0.343778
2026-06-10,BRN Nov26,2026-09-25,63.32,0.8,0.329072
2026-06-10,BRN Nov26,2026-09-25,67.28,0.850032,0.317157
2026-06-10,BRN Nov26,2026-09-25,71.24,0.900063,0.30761
2026-06-10,BRN Nov26,2026-09-25,75.19,0.949968,0.3001
2026-06-10,BRN Nov26,2026-09-25,79.15,1.0,0.294309
2026-06-10,BRN Nov26,2026-09-25,83.11,1.050032,0.290023
2026-06-10,BRN Nov26,2026-09-25,87.07,1.100063,0.287046
2026-06-10,BRN Nov26,2026-09-25,91.02,1.149968,0.285217
2026-06-10,BRN Nov26,2026-09-25,94.98,1.2,0.284387
2026-06-10,BRN Nov26,2026-09-25,98.94,1.250032,0.284443
2026-06-11,BRN Nov26,2026-09-25,59.89,0.750031,0.345323
2026-06-11,BRN Nov26,2026-09-25,63.88,0.8,0.330638
2026-06-11,BRN Nov26,2026-09-25,67.87,0.849969,0.318737
2026-06-11,BRN Nov26,2026-09-25,71.86,0.899937,0.309197
2026-06-11,BRN Nov26,2026-09-25,75.86,0.950031,0.301658
2026-06-11,BRN Nov26,2026-09-25,79.85,1.0,0.295875
2026-06-11,BRN Nov26,2026-09-25,83.84,1.049969,0.291593
2026-06-11,BRN Nov26,2026-09-25,87.84,1.100063,0.288612
2026-06-11,BRN Nov26,2026-09-25,91.83,1.150031,0.286781
2026-06-11,BRN Nov26,2026-09-25,95.82,1.2,0.285953
2026-06-11,BRN Nov26,2026-09-25,99.81,1.249969,0.286009
2026-06-12,BRN Nov26,2026-09-25,60.1,0.750031,0.340764
2026-06-12,BRN Nov26,2026-09-25,64.1,0.79995,0.326092
2026-06-12,BRN Nov26,2026-09-25,68.11,0.849994,0.314172
2026-06-12,BRN Nov26,2026-09-25,72.12,0.900037,0.304621
2026-06-12,BRN Nov26,2026-09-25,76.12,0.949956,0.297109
2026-06-12,BRN Nov26,2026-09-25,80.13,1.0,0.291316
2026-06-12,BRN Nov26,2026-09-25,84.14,1.050044,0.287029
2026-06-12,BRN Nov26,2026-09-25,88.14,1.099963,0.284058
2026-06-12,BRN Nov26,2026-09-25,92.15,1.150006,0.282223
2026-06-12,BRN Nov26,2026-09-25,96.16,1.20005,0.281394
2026-06-12,BRN Nov26,2026-09-25,100.16,1.249969,0.28145
2026-06-15,BRN Nov26,2026-09-25,60.7,0.749938,0.340163
2026-06-15,BRN Nov26,2026-09-25,64.75,0.799975,0.325454
2026-06-15,BRN Nov26,2026-09-25,68.8,0.850012,0.313537
2026-06-15,BRN Nov26,2026-09-25,72.85,0.900049,0.303987
2026-06-15,BRN Nov26,2026-09-25,76.89,0.949963,0.296477
2026-06-15,BRN Nov26,2026-09-25,80.94,1.0,0.290685
2026-06-15,BRN Nov26,2026-09-25,84.99,1.050037,0.286398
2026-06-15,BRN Nov26,2026-09-25,89.03,1.099951,0.283427
2026-06-15,BRN Nov26,2026-09-25,93.08,1.149988,0.281592
2026-06-15,BRN Nov26,2026-09-25,97.13,1.200025,0.280763
2026-06-15,BRN Nov26,2026-09-25,101.18,1.250062,0.280819
2026-06-16,BRN Nov26,2026-09-25,60.23,0.749969,0.340731
2026-06-16,BRN Nov26,2026-09-25,64.25,0.800025,0.326018
2026-06-16,BRN Nov26,2026-09-25,68.26,0.849956,0.314127
2026-06-16,BRN Nov26,2026-09-25,72.28,0.900012,0.304572
2026-06-16,BRN Nov26,2026-09-25,76.29,0.949944,0.297057
2026-06-16,BRN Nov26,2026-09-25,80.31,1.0,0.291262
2026-06-16,BRN Nov26,2026-09-25,84.33,1.050056,0.286975
2026-06-16,BRN Nov26,2026-09-25,88.34,1.099988,0.284003
2026-06-16,BRN Nov26,2026-09-25,92.36,1.150044,0.282168
2026-06-16,BRN Nov26,2026-09-25,96.37,1.199975,0.281341
2026-06-16,BRN Nov26,2026-09-25,100.39,1.250031,0.281397
2026-06-17,BRN Nov26,2026-09-25,60.4,0.749938,0.340745
2026-06-17,BRN Nov26,2026-09-25,64.43,0.799975,0.326035
2026-06-17,BRN Nov26,2026-09-25,68.46,0.850012,0.314119
2026-06-17,BRN Nov26,2026-09-25,72.49,0.90005,0.304569
2026-06-17,BRN Nov26,2026-09-25,76.51,0.949963,0.297058
2026-06-17,BRN Nov26,2026-09-25,80.54,1.0,0.291266
2026-06-17,BRN Nov26,2026-09-25,84.57,1.050037,0.28698
2026-06-17,BRN Nov26,2026-09-25,88.59,1.09995,0.284009
2026-06-17,BRN Nov26,2026-09-25,92.62,1.149988,0.282174
2026-06-17,BRN Nov26,2026-09-25,96.65,1.200025,0.281344
2026-06-17,BRN Nov26,2026-09-25,100.68,1.250062,0.281401
2026-06-18,BRN Nov26,2026-09-25,61.09,0.750031,0.343349
2026-06-18,BRN Nov26,2026-09-25,65.16,0.8,0.328663
2026-06-18,BRN Nov26,2026-09-25,69.23,0.849969,0.316762
2026-06-18,BRN Nov26,2026-09-25,73.31,0.900061,0.307202
2026-06-18,BRN Nov26,2026-09-25,77.38,0.950031,0.299684
2026-06-18,BRN Nov26,2026-09-25,81.45,1.0,0.293901
2026-06-18,BRN Nov26,2026-09-25,85.52,1.049969,0.289619
2026-06-18,BRN Nov26,2026-09-25,89.6,1.100061,0.286638
2026-06-18,BRN Nov26,2026-09-25,93.67,1.150031,0.284807
2026-06-18,BRN Nov26,2026-09-25,97.74,1.2,0.283979
2026-06-18,BRN Nov26,2026-09-25,101.81,1.249969,0.284034
2026-06-19,BRN Nov26,2026-09-25,60.74,0.750062,0.344556
2026-06-19,BRN Nov26,2026-09-25,64.78,0.799951,0.329893
2026-06-19,BRN Nov26,2026-09-25,68.83,0.849963,0.317981
2026-06-19,BRN Nov26,2026-09-25,72.88,0.899975,0.308433
2026-06-19,BRN Nov26,2026-09-25,76.93,0.949988,0.300906
2026-06-19,BRN Nov26,2026-09-25,80.98,1.0,0.295118
2026-06-19,BRN Nov26,2026-09-25,85.03,1.050012,0.290833
2026-06-19,BRN Nov26,2026-09-25,89.08,1.100025,0.287856
2026-06-19,BRN Nov26,2026-09-25,93.13,1.150037,0.286024
2026-06-19,BRN Nov26,2026-09-25,97.18,1.200049,0.285195
2026-06-19,BRN Nov26,2026-09-25,101.22,1.249938,0.285251
2026-06-22,BRN Nov26,2026-09-25,61.14,0.75,0.346728
2026-06-22,BRN Nov26,2026-09-25,65.22,0.800049,0.332019
2026-06-22,BRN Nov26,2026-09-25,69.29,0.849975,0.320129
2026-06-22,BRN Nov26,2026-09-25,73.37,0.900025,0.310576
2026-06-22,BRN Nov26,2026-09-25,77.44,0.949951,0.303063
2026-06-22,BRN Nov26,2026-09-25,81.52,1.0,0.297269
2026-06-22,BRN Nov26,2026-09-25,85.6,1.050049,0.292982
2026-06-22,BRN Nov26,2026-09-25,89.67,1.099975,0.29001
2026-06-22,BRN Nov26,2026-09-25,93.75,1.150025,0.288176
2026-06-22,BRN Nov26,2026-09-25,97.82,1.199951,0.287348
2026-06-22,BRN Nov26,2026-09-25,101.9,1.25,0.287403
2026-06-23,BRN Nov26,2026-09-25,60.44,0.749969,0.344754
2026-06-23,BRN Nov26,2026-09-25,64.47,0.799975,0.330055
2026-06-23,BRN Nov26,2026-09-25,68.5,0.849981,0.318145
2026-06-23,BRN Nov26,2026-09-25,72.53,0.899988,0.308599
2026-06-23,BRN Nov26,2026-09-25,76.56,0.949994,0.301074
2026-06-23,BRN Nov26,2026-09-25,80.59,1.0,0.295286
2026-06-23,BRN Nov26,2026-09-25,84.62,1.050006,0.291002
2026-06-23,BRN Nov26,2026-09-25,88.65,1.100012,0.288025
2026-06-23,BRN Nov26,2026-09-25,92.68,1.150019,0.286193
2026-06-23,BRN Nov26,2026-09-25,96.71,1.200025,0.285364
2026-06-23,BRN Nov26,2026-09-25,100.74,1.250031,0.28542
2026-06-24,BRN Nov26,2026-09-25,60.14,0.750062,0.347559
2026-06-24,BRN Nov26,2026-09-25,64.14,0.79995,0.332897
2026-06-24,BRN Nov26,2026-09-25,68.15,0.849963,0.320984
2026-06-24,BRN Nov26,2026-09-25,72.16,0.899975,0.311436
2026-06-24,BRN Nov26,2026-09-25,76.17,0.949988,0.303909
2026-06-24,BRN Nov26,2026-09-25,80.18,1.0,0.298121
2026-06-24,BRN Nov26,2026-09-25,84.19,1.050012,0.293836
2026-06-24,BRN Nov26,2026-09-25,88.2,1.100025,0.29086
2026-06-24,BRN Nov26,2026-09-25,92.21,1.150037,0.289027
2026-06-24,BRN Nov26,2026-09-25,96.22,1.20005,0.288199
2026-06-24,BRN Nov26,2026-09-25,100.22,1.249938,0.288254
2026-06-25,BRN Nov26,2026-09-25,59.66,0.750063,0.352502
2026-06-25,BRN Nov26,2026-09-25,63.63,0.799975,0.337833
2026-06-25,BRN Nov26,2026-09-25,67.61,0.850013,0.325916
2026-06-25,BRN Nov26,2026-09-25,71.59,0.90005,0.316367
2026-06-25,BRN Nov26,2026-09-25,75.56,0.949962,0.308856
2026-06-25,BRN Nov26,2026-09-25,79.54,1.0,0.303064
2026-06-25,BRN Nov26,2026-09-25,83.52,1.050038,0.298777
2026-06-25,BRN Nov26,2026-09-25,87.49,1.09995,0.295806
2026-06-25,BRN Nov26,2026-09-25,91.47,1.149987,0.293971
2026-06-25,BRN Nov26,2026-09-25,95.45,1.200025,0.293142
2026-06-25,BRN Nov26,2026-09-25,99.43,1.250063,0.293198
2026-06-26,BRN Nov26,2026-09-25,58.43,0.749968,0.34953
2026-06-26,BRN Nov26,2026-09-25,62.33,0.800026,0.334817
2026-06-26,BRN Nov26,2026-09-25,66.22,0.849955,0.322926
2026-06-26,BRN Nov26,2026-09-25,70.12,0.900013,0.313371
2026-06-26,BRN Nov26,2026-09-25,74.01,0.949942,0.305856
2026-06-26,BRN Nov26,2026-09-25,77.91,1.0,0.300062
2026-06-26,BRN Nov26,2026-09-25,81.81,1.050058,0.295774
2026-06-26,BRN Nov26,2026-09-25,85.7,1.099987,0.292802
2026-06-26,BRN Nov26,2026-09-25,89.6,1.150045,0.290968
2026-06-26,BRN Nov26,2026-09-25,93.49,1.199974,0.29014
2026-06-26,BRN Nov26,2026-09-25,97.39,1.250032,0.290196
2026-06-29,BRN Nov26,2026-09-25,58.92,0.75,0.346855
2026-06-29,BRN Nov26,2026-09-25,62.85,0.800025,0.332153
2026-06-29,BRN Nov26,2026-09-25,66.78,0.850051,0.320241
2026-06-29,BRN Nov26,2026-09-25,70.7,0.899949,0.310717
2026-06-29,BRN Nov26,2026-09-25,74.63,0.949975,0.303187
2026-06-29,BRN Nov26,2026-09-25,78.56,1.0,0.297397
2026-06-29,BRN Nov26,2026-09-25,82.49,1.050025,0.293111
2026-06-29,BRN Nov26,2026-09-25,86.42,1.100051,0.290134
2026-06-29,BRN Nov26,2026-09-25,90.34,1.149949,0.288305
2026-06-29,BRN Nov26,2026-09-25,94.27,1.199975,0.287475
2026-06-29,BRN Nov26,2026-09-25,98.2,1.25,0.287531
2026-06-30,BRN Nov26,2026-09-25,58.42,0.749936,0.350961
2026-06-30,BRN Nov26,2026-09-25,62.32,0.8,0.336245
2026-06-30,BRN Nov26,2026-09-25,66.22,0.850064,0.324323
2026-06-30,BRN Nov26,2026-09-25,70.11,0.9,0.314793
2026-06-30,BRN Nov26,2026-09-25,74.0,0.949936,0.307278
2026-06-30,BRN Nov26,2026-09-25,77.9,1.0,0.301482
2026-06-30,BRN Nov26,2026-09-25,81.8,1.050064,0.297194
2026-06-30,BRN Nov26,2026-09-25,85.69,1.1,0.294222
2026-06-30,BRN Nov26,2026-09-25,89.58,1.149936,0.292391
2026-06-30,BRN Nov26,2026-09-25,93.48,1.2,0.29156
2026-06-30,BRN Nov26,2026-09-25,97.38,1.250064,0.291617
2026-07-01,BRN Nov26,2026-09-25,58.39,0.750032,0.350312
2026-07-01,BRN Nov26,2026-09-25,62.28,0.8,0.335626
2026-07-01,BRN Nov26,2026-09-25,66.17,0.849968,0.323725
2026-07-01,BRN Nov26,2026-09-25,70.06,0.899936,0.314186
2026-07-01,BRN Nov26,2026-09-25,73.96,0.950032,0.306646
2026-07-01,BRN Nov26,2026-09-25,77.85,1.0,0.300864
2026-07-01,BRN Nov26,2026-09-25,81.74,1.049968,0.296582
2026-07-01,BRN Nov26,2026-09-25,85.64,1.100064,0.293601
2026-07-01,BRN Nov26,2026-09-25,89.53,1.150032,0.29177
2026-07-01,BRN Nov26,2026-09-25,93.42,1.2,0.290942
2026-07-01,BRN Nov26,2026-09-25,97.31,1.249968,0.290997
2026-07-02,BRN Nov26,2026-09-25,58.87,0.750032,0.354497
2026-07-02,BRN Nov26,2026-09-25,62.79,0.799975,0.339819
2026-07-02,BRN Nov26,2026-09-25,66.72,0.850045,0.327895
2026-07-02,BRN Nov26,2026-09-25,70.64,0.899987,0.318363
2026-07-02,BRN Nov26,2026-09-25,74.57,0.950057,0.310829
2026-07-02,BRN Nov26,2026-09-25,78.49,1.0,0.305049
2026-07-02,BRN Nov26,2026-09-25,82.41,1.049943,0.300769
2026-07-02,BRN Nov26,2026-09-25,86.34,1.100013,0.297789
2026-07-02,BRN Nov26,2026-09-25,90.26,1.149955,0.295957
2026-07-02,BRN Nov26,2026-09-25,94.19,1.200025,0.295127
2026-07-02,BRN Nov26,2026-09-25,98.11,1.249968,0.295183
2026-07-03,BRN Nov26,2026-09-25,59.4,0.75,0.353029
2026-07-03,BRN Nov26,2026-09-25,63.36,0.8,0.338333
2026-07-03,BRN Nov26,2026-09-25,67.32,0.85,0.326425
2026-07-03,BRN Nov26,2026-09-25,71.28,0.9,0.316881
2026-07-03,BRN Nov26,2026-09-25,75.24,0.95,0.309357
2026-07-03,BRN Nov26,2026-09-25,79.2,1.0,0.30357
2026-07-03,BRN Nov26,2026-09-25,83.16,1.05,0.299286
2026-07-03,BRN Nov26,2026-09-25,87.12,1.1,0.29631
2026-07-03,BRN Nov26,2026-09-25,91.08,1.15,0.294477
2026-07-03,BRN Nov26,2026-09-25,95.04,1.2,0.293648
2026-07-03,BRN Nov26,2026-09-25,99.0,1.25,0.293704
2026-07-06,BRN Nov26,2026-09-25,60.12,0.75,0.357287
2026-07-06,BRN Nov26,2026-09-25,64.13,0.800025,0.342584
2026-07-06,BRN Nov26,2026-09-25,68.14,0.85005,0.330672
2026-07-06,BRN Nov26,2026-09-25,72.14,0.89995,0.321148
2026-07-06,BRN Nov26,2026-09-25,76.15,0.949975,0.313618
2026-07-06,BRN Nov26,2026-09-25,80.16,1.0,0.307828
2026-07-06,BRN Nov26,2026-09-25,84.17,1.050025,0.303542
2026-07-06,BRN Nov26,2026-09-25,88.18,1.10005,0.300566
2026-07-06,BRN Nov26,2026-09-25,92.18,1.14995,0.298737
2026-07-06,BRN Nov26,2026-09-25,96.19,1.199975,0.297906
2026-07-06,BRN Nov26,2026-09-25,100.2,1.25,0.297962
2026-07-07,BRN Nov26,2026-09-25,60.08,0.749969,0.357456
2026-07-07,BRN Nov26,2026-09-25,64.09,0.800025,0.342744
2026-07-07,BRN Nov26,2026-09-25,68.09,0.849956,0.330852
2026-07-07,BRN Nov26,2026-09-25,72.1,0.900012,0.321297
2026-07-07,BRN Nov26,2026-09-25,76.1,0.949944,0.313782
2026-07-07,BRN Nov26,2026-09-25,80.11,1.0,0.307988
2026-07-07,BRN Nov26,2026-09-25,84.12,1.050056,0.3037
2026-07-07,BRN Nov26,2026-09-25,88.12,1.099988,0.300728
2026-07-07,BRN Nov26,2026-09-25,92.13,1.150044,0.298894
2026-07-07,BRN Nov26,2026-09-25,96.13,1.199975,0.298066
2026-07-07,BRN Nov26,2026-09-25,100.14,1.250031,0.298122
2026-07-08,BRN Nov26,2026-09-25,59.67,0.75,0.357981
2026-07-08,BRN Nov26,2026-09-25,63.65,0.800025,0.343279
2026-07-08,BRN Nov26,2026-09-25,67.63,0.85005,0.331367
2026-07-08,BRN Nov26,2026-09-25,71.6,0.89995,0.321843
2026-07-08,BRN Nov26,2026-09-25,75.58,0.949975,0.314313
2026-07-08,BRN Nov26,2026-09-25,79.56,1.0,0.308523
2026-07-08,BRN Nov26,2026-09-25,83.54,1.050025,0.304237
2026-07-08,BRN Nov26,2026-09-25,87.52,1.10005,0.30126
2026-07-08,BRN Nov26,2026-09-25,91.49,1.14995,0.299431
2026-07-08,BRN Nov26,2026-09-25,95.47,1.199975,0.298601
2026-07-08,BRN Nov26,2026-09-25,99.45,1.25,0.298657
2026-07-09,BRN Nov26,2026-09-25,59.59,0.750031,0.362409
2026-07-09,BRN Nov26,2026-09-25,63.56,0.8,0.347724
2026-07-09,BRN Nov26,2026-09-25,67.53,0.849969,0.335823
2026-07-09,BRN Nov26,2026-09-25,71.51,0.900063,0.326262
2026-07-09,BRN Nov26,2026-09-25,75.48,0.950031,0.318744
2026-07-09,BRN Nov26,2026-09-25,79.45,1.0,0.312961
2026-07-09,BRN Nov26,2026-09-25,83.42,1.049969,0.30868
2026-07-09,BRN Nov26,2026-09-25,87.4,1.100063,0.305698
2026-07-09,BRN Nov26,2026-09-25,91.37,1.150031,0.303868
2026-07-09,BRN Nov26,2026-09-25,95.34,1.2,0.303039
2026-07-09,BRN Nov26,2026-09-25,99.31,1.249969,0.303095
2026-07-10,BRN Nov26,2026-09-25,57.89,0.750065,0.360924
2026-07-10,BRN Nov26,2026-09-25,61.74,0.799948,0.346263
2026-07-10,BRN Nov26,2026-09-25,65.6,0.849961,0.33435
2026-07-10,BRN Nov26,2026-09-25,69.46,0.899974,0.324803
2026-07-10,BRN Nov26,2026-09-25,73.32,0.949987,0.317276
2026-07-10,BRN Nov26,2026-09-25,77.18,1.0,0.311487
2026-07-10,BRN Nov26,2026-09-25,81.04,1.050013,0.307202
2026-07-10,BRN Nov26,2026-09-25,84.9,1.100026,0.304226
2026-07-10,BRN Nov26,2026-09-25,88.76,1.150039,0.302393
2026-07-10,BRN Nov26,2026-09-25,92.62,1.200052,0.301565
2026-07-10,BRN Nov26,2026-09-25,96.48,1.250065,0.301622
2026-07-13,BRN Nov26,2026-09-25,56.42,0.750066,0.357756
2026-07-13,BRN Nov26,2026-09-25,60.18,0.800053,0.343068
2026-07-13,BRN Nov26,2026-09-25,63.94,0.85004,0.331166
2026-07-13,BRN Nov26,2026-09-25,67.7,0.900027,0.321626
2026-07-13,BRN Nov26,2026-09-25,71.46,0.950013,0.314104
2026-07-13,BRN Nov26,2026-09-25,75.22,1.0,0.308319
2026-07-13,BRN Nov26,2026-09-25,78.98,1.049987,0.304036
2026-07-13,BRN Nov26,2026-09-25,82.74,1.099973,0.30106
2026-07-13,BRN Nov26,2026-09-25,86.5,1.14996,0.299227
2026-07-13,BRN Nov26,2026-09-25,90.26,1.199947,0.298398
2026-07-13,BRN Nov26,2026-09-25,94.02,1.249934,0.298452
2026-07-14,BRN Nov26,2026-09-25,55.12,0.749932,0.356204
2026-07-14,BRN Nov26,2026-09-25,58.8,0.8,0.341486
2026-07-14,BRN Nov26,2026-09-25,62.48,0.850068,0.329564
2026-07-14,BRN Nov26,2026-09-25,66.15,0.9,0.320035
2026-07-14,BRN Nov26,2026-09-25,69.82,0.949932,0.31252
2026-07-14,BRN Nov26,2026-09-25,73.5,1.0,0.306724
2026-07-14,BRN Nov26,2026-09-25,77.18,1.050068,0.302435
2026-07-14,BRN Nov26,2026-09-25,80.85,1.1,0.299464
2026-07-14,BRN Nov26,2026-09-25,84.52,1.149932,0.297633
2026-07-14,BRN Nov26,2026-09-25,88.2,1.2,0.296802
2026-07-14,BRN Nov26,2026-09-25,91.88,1.250068,0.296858
2026-07-15,BRN Nov26,2026-09-25,54.11,0.749965,0.357349
2026-07-15,BRN Nov26,2026-09-25,57.72,0.8,0.342642
2026-07-15,BRN Nov26,2026-09-25,61.33,0.850035,0.330727
2026-07-15,BRN Nov26,2026-09-25,64.94,0.900069,0.321179
2026-07-15,BRN Nov26,2026-09-25,68.54,0.949965,0.313671
2026-07-15,BRN Nov26,2026-09-25,72.15,1.0,0.307879
2026-07-15,BRN Nov26,2026-09-25,75.76,1.050035,0.303593
2026-07-15,BRN Nov26,2026-09-25,79.37,1.100069,0.300616
2026-07-15,BRN Nov26,2026-09-25,82.97,1.149965,0.298787
2026-07-15,BRN Nov26,2026-09-25,86.58,1.2,0.297957
2026-07-15,BRN Nov26,2026-09-25,90.19,1.250035,0.298013
2026-07-16,BRN Nov26,2026-09-25,54.47,0.749966,0.352415
2026-07-16,BRN Nov26,2026-09-25,58.1,0.799945,0.337723
2026-07-16,BRN Nov26,2026-09-25,61.74,0.850062,0.325787
2026-07-16,BRN Nov26,2026-09-25,65.37,0.900041,0.31625
2026-07-16,BRN Nov26,2026-09-25,69.0,0.950021,0.30873
2026-07-16,BRN Nov26,2026-09-25,72.63,1.0,0.302945
2026-07-16,BRN Nov26,2026-09-25,76.26,1.049979,0.298663
2026-07-16,BRN Nov26,2026-09-25,79.89,1.099959,0.295687
2026-07-16,BRN Nov26,2026-09-25,83.52,1.149938,0.293854
2026-07-16,BRN Nov26,2026-09-25,87.16,1.200055,0.293023
2026-07-16,BRN Nov26,2026-09-25,90.79,1.250034,0.29308
2026-07-17,BRN Nov26,2026-09-25,53.55,0.75,0.354228
2026-07-17,BRN Nov26,2026-09-25,57.12,0.8,0.339532
2026-07-17,BRN Nov26,2026-09-25,60.69,0.85,0.327625
2026-07-17,BRN Nov26,2026-09-25,64.26,0.9,0.318081
2026-07-17,BRN Nov26,2026-09-25,67.83,0.95,0.310557
2026-07-17,BRN Nov26,2026-09-25,71.4,1.0,0.30477
2026-07-17,BRN Nov26,2026-09-25,74.97,1.05,0.300486
2026-07-17,BRN Nov26,2026-09-25,78.54,1.1,0.29751
2026-07-17,BRN Nov26,2026-09-25,82.11,1.15,0.295677
2026-07-17,BRN Nov26,2026-09-25,85.68,1.2,0.294848
2026-07-17,BRN Nov26,2026-09-25,89.25,1.25,0.294903
2026-07-20,BRN Nov26,2026-09-25,53.22,0.75,0.352469
2026-07-20,BRN Nov26,2026-09-25,56.77,0.800028,0.337765
2026-07-20,BRN Nov26,2026-09-25,60.32,0.850056,0.325853
2026-07-20,BRN Nov26,2026-09-25,63.86,0.899944,0.316331
2026-07-20,BRN Nov26,2026-09-25,67.41,0.949972,0.308801
2026-07-20,BRN Nov26,2026-09-25,70.96,1.0,0.30301
2026-07-20,BRN Nov26,2026-09-25,74.51,1.050028,0.298724
2026-07-20,BRN Nov26,2026-09-25,78.06,1.100056,0.295747
2026-07-20,BRN Nov26,2026-09-25,81.6,1.149944,0.293919
2026-07-20,BRN Nov26,2026-09-25,85.15,1.199972,0.293088
2026-07-20,BRN Nov26,2026-09-25,88.7,1.25,0.293144
2026-07-21,BRN Nov26,2026-09-25,54.38,0.749966,0.355833
2026-07-21,BRN Nov26,2026-09-25,58.01,0.800028,0.341119
2026-07-21,BRN Nov26,2026-09-25,61.63,0.849952,0.329229
2026-07-21,BRN Nov26,2026-09-25,65.26,0.900014,0.319672
2026-07-21,BRN Nov26,2026-09-25,68.88,0.949938,0.312159
2026-07-21,BRN Nov26,2026-09-25,72.51,1.0,0.306363
2026-07-21,BRN Nov26,2026-09-25,76.14,1.050062,0.302075
2026-07-21,BRN Nov26,2026-09-25,79.76,1.099986,0.299104
2026-07-21,BRN Nov26,2026-09-25,83.39,1.150048,0.297269
2026-07-21,BRN Nov26,2026-09-25,87.01,1.199972,0.296442
2026-07-21,BRN Nov26,2026-09-25,90.64,1.250034,0.296497
2026-07-22,BRN Nov26,2026-09-25,54.06,0.75,0.348448
2026-07-22,BRN Nov26,2026-09-25,57.66,0.799945,0.333767
2026-07-22,BRN Nov26,2026-09-25,61.27,0.850028,0.321839
2026-07-22,BRN Nov26,2026-09-25,64.87,0.899972,0.312306
2026-07-22,BRN Nov26,2026-09-25,68.48,0.950055,0.304769
2026-07-22,BRN Nov26,2026-09-25,72.08,1.0,0.29899
2026-07-22,BRN Nov26,2026-09-25,75.68,1.049945,0.29471
2026-07-22,BRN Nov26,2026-09-25,79.29,1.100028,0.291728
2026-07-22,BRN Nov26,2026-09-25,82.89,1.149972,0.289897
2026-07-22,BRN Nov26,2026-09-25,86.5,1.200055,0.289067
2026-07-22,BRN Nov26,2026-09-25,90.1,1.25,0.289123
2026-07-23,BRN Nov26,2026-09-25,54.74,0.749966,0.34613
2026-07-23,BRN Nov26,2026-09-25,58.39,0.799973,0.33143
2026-07-23,BRN Nov26,2026-09-25,62.04,0.849979,0.31952
2026-07-23,BRN Nov26,2026-09-25,65.69,0.899986,0.309974
2026-07-23,BRN Nov26,2026-09-25,69.34,0.949993,0.302448
2026-07-23,BRN Nov26,2026-09-25,72.99,1.0,0.29666
2026-07-23,BRN Nov26,2026-09-25,76.64,1.050007,0.292376
2026-07-23,BRN Nov26,2026-09-25,80.29,1.100014,0.2894
2026-07-23,BRN Nov26,2026-09-25,83.94,1.150021,0.287567
2026-07-23,BRN Nov26,2026-09-25,87.59,1.200027,0.286738
2026-07-23,BRN Nov26,2026-09-25,91.24,1.250034,0.286794
2026-07-24,BRN Nov26,2026-09-25,53.88,0.75,0.341159
2026-07-24,BRN Nov26,2026-09-25,57.47,0.799972,0.326471
2026-07-24,BRN Nov26,2026-09-25,61.06,0.849944,0.314568
2026-07-24,BRN Nov26,2026-09-25,64.66,0.900056,0.305003
2026-07-24,BRN Nov26,2026-09-25,68.25,0.950028,0.297484
2026-07-24,BRN Nov26,2026-09-25,71.84,1.0,0.291701
2026-07-24,BRN Nov26,2026-09-25,75.43,1.049972,0.287419
2026-07-24,BRN Nov26,2026-09-25,79.02,1.099944,0.284444
2026-07-24,BRN Nov26,2026-09-25,82.62,1.150056,0.282607
2026-07-24,BRN Nov26,2026-09-25,86.21,1.200028,0.281779
2026-07-24,BRN Nov26,2026-09-25,89.8,1.25,0.281835
2026-07-27,BRN Nov26,2026-09-25,53.69,0.749965,0.338941
2026-07-27,BRN Nov26,2026-09-25,57.27,0.799972,0.324241
2026-07-27,BRN Nov26,2026-09-25,60.85,0.849979,0.312331
2026-07-27,BRN Nov26,2026-09-25,64.43,0.899986,0.302785
2026-07-27,BRN Nov26,2026-09-25,68.01,0.949993,0.295259
2026-07-27,BRN Nov26,2026-09-25,71.59,1.0,0.289471
2026-07-27,BRN Nov26,2026-09-25,75.17,1.050007,0.285187
2026-07-27,BRN Nov26,2026-09-25,78.75,1.100014,0.282211
2026-07-27,BRN Nov26,2026-09-25,82.33,1.150021,0.280378
2026-07-27,BRN Nov26,2026-09-25,85.91,1.200028,0.279549
2026-07-27,BRN Nov26,2026-09-25,89.49,1.250035,0.279606
2026-07-28,BRN Nov26,2026-09-25,52.86,0.75,0.339989
2026-07-28,BRN Nov26,2026-09-25,56.38,0.799943,0.325308
2026-07-28,BRN Nov26,2026-09-25,59.91,0.850028,0.313379
2026-07-28,BRN Nov26,2026-09-25,63.43,0.899972,0.303846
2026-07-28,BRN Nov26,2026-09-25,66.96,0.950057,0.29631
2026-07-28,BRN Nov26,2026-09-25,70.48,1.0,0.29053
2026-07-28,BRN Nov26,2026-09-25,74.0,1.049943,0.28625
2026-07-28,BRN Nov26,2026-09-25,77.53,1.100028,0.283269
2026-07-28,BRN Nov26,2026-09-25,81.05,1.149972,0.281438
2026-07-28,BRN Nov26,2026-09-25,84.58,1.200057,0.280608
2026-07-28,BRN Nov26,2026-09-25,88.1,1.25,0.280664
2026-07-29,BRN Nov26,2026-09-25,52.54,0.749929,0.339758
2026-07-29,BRN Nov26,2026-09-25,56.05,0.800029,0.325032
2026-07-29,BRN Nov26,2026-09-25,59.55,0.849986,0.313135
2026-07-29,BRN Nov26,2026-09-25,63.05,0.899943,0.303598
2026-07-29,BRN Nov26,2026-09-25,66.56,0.950043,0.296058
2026-07-29,BRN Nov26,2026-09-25,70.06,1.0,0.290277
2026-07-29,BRN Nov26,2026-09-25,73.56,1.049957,0.285996
2026-07-29,BRN Nov26,2026-09-25,77.07,1.100057,0.283014
2026-07-29,BRN Nov26,2026-09-25,80.57,1.150014,0.281183
2026-07-29,BRN Nov26,2026-09-25,84.07,1.199971,0.280355
2026-07-29,BRN Nov26,2026-09-25,87.58,1.250071,0.280411
2026-07-30,BRN Nov26,2026-09-25,53.23,0.750035,0.339255
2026-07-30,BRN Nov26,2026-09-25,56.78,0.800056,0.324556
2026-07-30,BRN Nov26,2026-09-25,60.32,0.849937,0.312677
2026-07-30,BRN Nov26,2026-09-25,63.87,0.899958,0.303127
2026-07-30,BRN Nov26,2026-09-25,67.42,0.949979,0.295598
2026-07-30,BRN Nov26,2026-09-25,70.97,1.0,0.289808
2026-07-30,BRN Nov26,2026-09-25,74.52,1.050021,0.285523
2026-07-30,BRN Nov26,2026-09-25,78.07,1.100042,0.282546
2026-07-30,BRN Nov26,2026-09-25,81.62,1.150063,0.280714
2026-07-30,BRN Nov26,2026-09-25,85.16,1.199944,0.279887
2026-07-30,BRN Nov26,2026-09-25,88.71,1.249965,0.279942
2026-07-31,BRN Nov26,2026-09-25,51.6,0.75,0.339095
2026-07-31,BRN Nov26,2026-09-25,55.04,0.8,0.324399
2026-07-31,BRN Nov26,2026-09-25,58.48,0.85,0.312491
2026-07-31,BRN Nov26,2026-09-25,61.92,0.9,0.302948
2026-07-31,BRN Nov26,2026-09-25,65.36,0.95,0.295423
2026-07-31,BRN Nov26,2026-09-25,68.8,1.0,0.289636
2026-07-31,BRN Nov26,2026-09-25,72.24,1.05,0.285352
2026-07-31,BRN Nov26,2026-09-25,75.68,1.1,0.282376
2026-07-31,BRN Nov26,2026-09-25,79.12,1.15,0.280543
2026-07-31,BRN Nov26,2026-09-25,82.56,1.2,0.279714
2026-07-31,BRN Nov26,2026-09-25,86.0,1.25,0.27977
2026-03-02,BRN Dec26,2026-10-27,59.36,0.750063,0.339438
2026-03-02,BRN Dec26,2026-10-27,63.31,0.799975,0.324769
2026-03-02,BRN Dec26,2026-10-27,67.27,0.850013,0.312852
2026-03-02,BRN Dec26,2026-10-27,71.23,0.900051,0.303303
2026-03-02,BRN Dec26,2026-10-27,75.18,0.949962,0.295792
2026-03-02,BRN Dec26,2026-10-27,79.14,1.0,0.29
2026-03-02,BRN Dec26,2026-10-27,83.1,1.050038,0.285713
2026-03-02,BRN Dec26,2026-10-27,87.05,1.099949,0.282742
2026-03-02,BRN Dec26,2026-10-27,91.01,1.149987,0.280907
2026-03-02,BRN Dec26,2026-10-27,94.97,1.200025,0.280078
2026-03-02,BRN Dec26,2026-10-27,98.92,1.249937,0.280133
2026-03-03,BRN Dec26,2026-10-27,58.2,0.75,0.336249
2026-03-03,BRN Dec26,2026-10-27,62.08,0.8,0.321553
2026-03-03,BRN Dec26,2026-10-27,65.96,0.85,0.309646
2026-03-03,BRN Dec26,2026-10-27,69.84,0.9,0.300102
2026-03-03,BRN Dec26,2026-10-27,73.72,0.95,0.292578
2026-03-03,BRN Dec26,2026-10-27,77.6,1.0,0.286791
2026-03-03,BRN Dec26,2026-10-27,81.48,1.05,0.282507
2026-03-03,BRN Dec26,2026-10-27,85.36,1.1,0.279531
2026-03-03,BRN Dec26,2026-10-27,89.24,1.15,0.277698
2026-03-03,BRN Dec26,2026-10-27,93.12,1.2,0.276869
2026-03-03,BRN Dec26,2026-10-27,97.0,1.25,0.276925
2026-03-04,BRN Dec26,2026-10-27,58.96,0.750032,0.334372
2026-03-04,BRN Dec26,2026-10-27,62.89,0.800025,0.31968
2026-03-04,BRN Dec26,2026-10-27,66.82,0.850019,0.307775
2026-03-04,BRN Dec26,2026-10-27,70.75,0.900013,0.298233
2026-03-04,BRN Dec26,2026-10-27,74.68,0.950006,0.29071
2026-03-04,BRN Dec26,2026-10-27,78.61,1.0,0.284924
2026-03-04,BRN Dec26,2026-10-27,82.54,1.049994,0.280641
2026-03-04,BRN Dec26,2026-10-27,86.47,1.099987,0.277665
2026-03-04,BRN Dec26,2026-10-27,90.4,1.149981,0.275832
2026-03-04,BRN Dec26,2026-10-27,94.33,1.199975,0.275002
2026-03-04,BRN Dec26,2026-10-27,98.26,1.249968,0.275058
2026-03-05,BRN Dec26,2026-10-27,60.02,0.749969,0.335829
2026-03-05,BRN Dec26,2026-10-27,64.02,0.79995,0.321136
2026-03-05,BRN Dec26,2026-10-27,68.03,0.850056,0.309203
2026-03-05,BRN Dec26,2026-10-27,72.03,0.900037,0.299665
2026-03-05,BRN Dec26,2026-10-27,76.03,0.950019,0.292145
2026-03-05,BRN Dec26,2026-10-27,80.03,1.0,0.28636
2026-03-05,BRN Dec26,2026-10-27,84.03,1.049981,0.282078
2026-03-05,BRN Dec26,2026-10-27,88.03,1.099963,0.279102
2026-03-05,BRN Dec26,2026-10-27,92.03,1.149944,0.277269
2026-03-05,BRN Dec26,2026-10-27,96.04,1.20005,0.276438
2026-03-05,BRN Dec26,2026-10-27,100.04,1.250031,0.276494
2026-03-06,BRN Dec26,2026-10-27,57.99,0.75,0.33536
2026-03-06,BRN Dec26,2026-10-27,61.86,0.800052,0.320651
2026-03-06,BRN Dec26,2026-10-27,65.72,0.849974,0.308762
2026-03-06,BRN Dec26,2026-10-27,69.59,0.900026,0.299208
2026-03-06,BRN Dec26,2026-10-27,73.45,0.949948,0.291696
2026-03-06,BRN Dec26,2026-10-27,77.32,1.0,0.285902
2026-03-06,BRN Dec26,2026-10-27,81.19,1.050052,0.281614
2026-03-06,BRN Dec26,2026-10-27,85.05,1.099974,0.278643
2026-03-06,BRN Dec26,2026-10-27,88.92,1.150026,0.276808
2026-03-06,BRN Dec26,2026-10-27,92.78,1.199948,0.27598
2026-03-06,BRN Dec26,2026-10-27,96.65,1.25,0.276035
2026-03-09,BRN Dec26,2026-10-27,56.62,0.750033,0.336458
2026-03-09,BRN Dec26,2026-10-27,60.39,0.799974,0.32178
2026-03-09,BRN Dec26,2026-10-27,64.17,0.850046,0.309856
2026-03-09,BRN Dec26,2026-10-27,67.94,0.899987,0.300324
2026-03-09,BRN Dec26,2026-10-27,71.72,0.95006,0.29279
2026-03-09,BRN Dec26,2026-10-27,75.49,1.0,0.287011
2026-03-09,BRN Dec26,2026-10-27,79.26,1.04994,0.282731
2026-03-09,BRN Dec26,2026-10-27,83.04,1.100013,0.27975
2026-03-09,BRN Dec26,2026-10-27,86.81,1.149954,0.277919
2026-03-09,BRN Dec26,2026-10-27,90.59,1.200026,0.277088
2026-03-09,BRN Dec26,2026-10-27,94.36,1.249967,0.277144
2026-03-10,BRN Dec26,2026-10-27,56.69,0.749967,0.337655
2026-03-10,BRN Dec26,2026-10-27,60.47,0.799974,0.322956
2026-03-10,BRN Dec26,2026-10-27,64.25,0.84998,0.311045
2026-03-10,BRN Dec26,2026-10-27,68.03,0.899987,0.301499
2026-03-10,BRN Dec26,2026-10-27,71.81,0.949993,0.293974
2026-03-10,BRN Dec26,2026-10-27,75.59,1.0,0.288186
2026-03-10,BRN Dec26,2026-10-27,79.37,1.050007,0.283902
2026-03-10,BRN Dec26,2026-10-27,83.15,1.100013,0.280925
2026-03-10,BRN Dec26,2026-10-27,86.93,1.15002,0.279093
2026-03-10,BRN Dec26,2026-10-27,90.71,1.200026,0.278264
2026-03-10,BRN Dec26,2026-10-27,94.49,1.250033,0.27832
2026-03-11,BRN Dec26,2026-10-27,56.37,0.75,0.341661
2026-03-11,BRN Dec26,2026-10-27,60.13,0.800027,0.326958
2026-03-11,BRN Dec26,2026-10-27,63.89,0.850053,0.315046
2026-03-11,BRN Dec26,2026-10-27,67.64,0.899947,0.305523
2026-03-11,BRN Dec26,2026-10-27,71.4,0.949973,0.297993
2026-03-11,BRN Dec26,2026-10-27,75.16,1.0,0.292202
2026-03-11,BRN Dec26,2026-10-27,78.92,1.050027,0.287917
2026-03-11,BRN Dec26,2026-10-27,82.68,1.100053,0.28494
2026-03-11,BRN Dec26,2026-10-27,86.43,1.149947,0.283111
2026-03-11,BRN Dec26,2026-10-27,90.19,1.199973,0.282281
2026-03-11,BRN Dec26,2026-10-27,93.95,1.25,0.282336
2026-03-12,BRN Dec26,2026-10-27,56.3,0.750067,0.340545
2026-03-12,BRN Dec26,2026-10-27,60.05,0.800027,0.325864
2026-03-12,BRN Dec26,2026-10-27,63.8,0.849987,0.313966
2026-03-12,BRN Dec26,2026-10-27,67.55,0.899947,0.304428
2026-03-12,BRN Dec26,2026-10-27,71.31,0.95004,0.29689
2026-03-12,BRN Dec26,2026-10-27,75.06,1.0,0.291108
2026-03-12,BRN Dec26,2026-10-27,78.81,1.04996,0.286827
2026-03-12,BRN Dec26,2026-10-27,82.57,1.100053,0.283845
2026-03-12,BRN Dec26,2026-10-27,86.32,1.150013,0.282015
2026-03-12,BRN Dec26,2026-10-27,90.07,1.199973,0.281186
2026-03-12,BRN Dec26,2026-10-27,93.82,1.249933,0.281241
2026-03-13,BRN Dec26,2026-10-27,55.41,0.75,0.336103
2026-03-13,BRN Dec26,2026-10-27,59.1,0.799946,0.321421
2026-03-13,BRN Dec26,2026-10-27,62.8,0.850027,0.309493
2026-03-13,BRN Dec26,2026-10-27,66.49,0.899973,0.29996
2026-03-13,BRN Dec26,2026-10-27,70.19,0.950054,0.292424
2026-03-13,BRN Dec26,2026-10-27,73.88,1.0,0.286644
2026-03-13,BRN Dec26,2026-10-27,77.57,1.049946,0.282364
2026-03-13,BRN Dec26,2026-10-27,81.27,1.100027,0.279383
2026-03-13,BRN Dec26,2026-10-27,84.96,1.149973,0.277552
2026-03-13,BRN Dec26,2026-10-27,88.66,1.200054,0.276722
2026-03-13,BRN Dec26,2026-10-27,92.35,1.25,0.276778
2026-03-16,BRN Dec26,2026-10-27,56.3,0.749967,0.339416
2026-03-16,BRN Dec26,2026-10-27,60.06,0.800053,0.324695
2026-03-16,BRN Dec26,2026-10-27,63.81,0.850007,0.3128
2026-03-16,BRN Dec26,2026-10-27,67.56,0.89996,0.303265
2026-03-16,BRN Dec26,2026-10-27,71.32,0.950047,0.295727
2026-03-16,BRN Dec26,2026-10-27,75.07,1.0,0.289946
2026-03-16,BRN Dec26,2026-10-27,78.82,1.049953,0.285666
2026-03-16,BRN Dec26,2026-10-27,82.58,1.10004,0.282685
2026-03-16,BRN Dec26,2026-10-27,86.33,1.149993,0.280854
2026-03-16,BRN Dec26,2026-10-27,90.08,1.199947,0.280025
2026-03-16,BRN Dec26,2026-10-27,93.84,1.250033,0.280081
2026-03-17,BRN Dec26,2026-10-27,57.14,0.749967,0.338423
2026-03-17,BRN Dec26,2026-10-27,60.95,0.799974,0.323723
2026-03-17,BRN Dec26,2026-10-27,64.76,0.84998,0.311813
2026-03-17,BRN Dec26,2026-10-27,68.57,0.899987,0.302267
2026-03-17,BRN Dec26,2026-10-27,72.38,0.949993,0.294742
2026-03-17,BRN Dec26,2026-10-27,76.19,1.0,0.288954
2026-03-17,BRN Dec26,2026-10-27,80.0,1.050007,0.284669
2026-03-17,BRN Dec26,2026-10-27,83.81,1.100013,0.281693
2026-03-17,BRN Dec26,2026-10-27,87.62,1.15002,0.27986
2026-03-17,BRN Dec26,2026-10-27,91.43,1.200026,0.279032
2026-03-17,BRN Dec26,2026-10-27,95.24,1.250033,0.279088
2026-03-18,BRN Dec26,2026-10-27,57.23,0.749967,0.341798
2026-03-18,BRN Dec26,2026-10-27,61.05,0.800026,0.327084
2026-03-18,BRN Dec26,2026-10-27,64.86,0.849954,0.315194
2026-03-18,BRN Dec26,2026-10-27,68.68,0.900013,0.305638
2026-03-18,BRN Dec26,2026-10-27,72.49,0.949941,0.298124
2026-03-18,BRN Dec26,2026-10-27,76.31,1.0,0.292329
2026-03-18,BRN Dec26,2026-10-27,80.13,1.050059,0.288041
2026-03-18,BRN Dec26,2026-10-27,83.94,1.099987,0.285069
2026-03-18,BRN Dec26,2026-10-27,87.76,1.150046,0.283235
2026-03-18,BRN Dec26,2026-10-27,91.57,1.199974,0.282407
2026-03-18,BRN Dec26,2026-10-27,95.39,1.250033,0.282463
2026-03-19,BRN Dec26,2026-10-27,58.28,0.749968,0.342878
2026-03-19,BRN Dec26,2026-10-27,62.17,0.800026,0.328165
2026-03-19,BRN Dec26,2026-10-27,66.05,0.849955,0.316274
2026-03-19,BRN Dec26,2026-10-27,69.94,0.900013,0.306718
2026-03-19,BRN Dec26,2026-10-27,73.82,0.949942,0.299204
2026-03-19,BRN Dec26,2026-10-27,77.71,1.0,0.293409
2026-03-19,BRN Dec26,2026-10-27,81.6,1.050058,0.289121
2026-03-19,BRN Dec26,2026-10-27,85.48,1.099987,0.28615
2026-03-19,BRN Dec26,2026-10-27,89.37,1.150045,0.284315
2026-03-19,BRN Dec26,2026-10-27,93.25,1.199974,0.283487
2026-03-19,BRN Dec26,2026-10-27,97.14,1.250032,0.283543
2026-03-20,BRN Dec26,2026-10-27,58.78,0.749936,0.342393
2026-03-20,BRN Dec26,2026-10-27,62.7,0.799949,0.327689
2026-03-20,BRN Dec26,2026-10-27,66.62,0.849962,0.315777
2026-03-20,BRN Dec26,2026-10-27,70.54,0.899974,0.306229
2026-03-20,BRN Dec26,2026-10-27,74.46,0.949987,0.298702
2026-03-20,BRN Dec26,2026-10-27,78.38,1.0,0.292913
2026-03-20,BRN Dec26,2026-10-27,82.3,1.050013,0.288629
2026-03-20,BRN Dec26,2026-10-27,86.22,1.100026,0.285652
2026-03-20,BRN Dec26,2026-10-27,90.14,1.150038,0.28382
2026-03-20,BRN Dec26,2026-10-27,94.06,1.200051,0.282991
2026-03-20,BRN Dec26,2026-10-27,97.98,1.250064,0.283048
2026-03-23,BRN Dec26,2026-10-27,57.89,0.749968,0.343341
2026-03-23,BRN Dec26,2026-10-27,61.75,0.799974,0.328642
2026-03-23,BRN Dec26,2026-10-27,65.61,0.849981,0.316731
2026-03-23,BRN Dec26,2026-10-27,69.47,0.899987,0.307186
2026-03-23,BRN Dec26,2026-10-27,73.33,0.949994,0.29966
2026-03-23,BRN Dec26,2026-10-27,77.19,1.0,0.293872
2026-03-23,BRN Dec26,2026-10-27,81.05,1.050006,0.289588
2026-03-23,BRN Dec26,2026-10-27,84.91,1.100013,0.286612
2026-03-23,BRN Dec26,2026-10-27,88.77,1.150019,0.284779
2026-03-23,BRN Dec26,2026-10-27,92.63,1.200026,0.28395
2026-03-23,BRN Dec26,2026-10-27,96.49,1.250032,0.284007
2026-03-24,BRN Dec26,2026-10-27,58.29,0.75,0.349068
2026-03-24,BRN Dec26,2026-10-27,62.18,0.800051,0.334358
2026-03-24,BRN Dec26,2026-10-27,66.06,0.849974,0.32247
2026-03-24,BRN Dec26,2026-10-27,69.95,0.900026,0.312916
2026-03-24,BRN Dec26,2026-10-27,73.83,0.949949,0.305403
2026-03-24,BRN Dec26,2026-10-27,77.72,1.0,0.299609
2026-03-24,BRN Dec26,2026-10-27,81.61,1.050051,0.295322
2026-03-24,BRN Dec26,2026-10-27,85.49,1.099974,0.29235
2026-03-24,BRN Dec26,2026-10-27,89.38,1.150026,0.290516
2026-03-24,BRN Dec26,2026-10-27,93.26,1.199949,0.289688
2026-03-24,BRN Dec26,2026-10-27,97.15,1.25,0.289743
2026-03-25,BRN Dec26,2026-10-27,57.37,0.750033,0.355
2026-03-25,BRN Dec26,2026-10-27,61.19,0.799974,0.340321
2026-03-25,BRN Dec26,2026-10-27,65.02,0.850046,0.328397
2026-03-25,BRN Dec26,2026-10-27,68.84,0.899987,0.318865
2026-03-25,BRN Dec26,2026-10-27,72.67,0.950059,0.311331
2026-03-25,BRN Dec26,2026-10-27,76.49,1.0,0.305552
2026-03-25,BRN Dec26,2026-10-27,80.31,1.049941,0.301272
2026-03-25,BRN Dec26,2026-10-27,84.14,1.100013,0.298291
2026-03-25,BRN Dec26,2026-10-27,87.96,1.149954,0.29646
2026-03-25,BRN Dec26,2026-10-27,91.79,1.200026,0.29563
2026-03-25,BRN Dec26,2026-10-27,95.61,1.249967,0.295685
2026-03-26,BRN Dec26,2026-10-27,58.17,0.75,0.354752
2026-03-26,BRN Dec26,2026-10-27,62.05,0.800026,0.340049
2026-03-26,BRN Dec26,2026-10-27,65.93,0.850052,0.328137
2026-03-26,BRN Dec26,2026-10-27,69.8,0.899948,0.318613
2026-03-26,BRN Dec26,2026-10-27,73.68,0.949974,0.311084
2026-03-26,BRN Dec26,2026-10-27,77.56,1.0,0.305293
2026-03-26,BRN Dec26,2026-10-27,81.44,1.050026,0.301008
2026-03-26,BRN Dec26,2026-10-27,85.32,1.100052,0.298031
2026-03-26,BRN Dec26,2026-10-27,89.19,1.149948,0.296202
2026-03-26,BRN Dec26,2026-10-27,93.07,1.199974,0.295372
2026-03-26,BRN Dec26,2026-10-27,96.95,1.25,0.295427
2026-03-27,BRN Dec26,2026-10-27,58.09,0.750032,0.354763
2026-03-27,BRN Dec26,2026-10-27,61.96,0.8,0.340078
2026-03-27,BRN Dec26,2026-10-27,65.83,0.849968,0.328177
2026-03-27,BRN Dec26,2026-10-27,69.7,0.899935,0.318637
2026-03-27,BRN Dec26,2026-10-27,73.58,0.950032,0.311098
2026-03-27,BRN Dec26,2026-10-27,77.45,1.0,0.305315
2026-03-27,BRN Dec26,2026-10-27,81.32,1.049968,0.301034
2026-03-27,BRN Dec26,2026-10-27,85.2,1.100065,0.298052
2026-03-27,BRN Dec26,2026-10-27,89.07,1.150032,0.296222
2026-03-27,BRN Dec26,2026-10-27,92.94,1.2,0.295393
2026-03-27,BRN Dec26,2026-10-27,96.81,1.249968,0.295449
2026-03-30,BRN Dec26,2026-10-27,57.92,0.749968,0.357553
2026-03-30,BRN Dec26,2026-10-27,61.78,0.799948,0.342861
2026-03-30,BRN Dec26,2026-10-27,65.65,0.850058,0.330927
2026-03-30,BRN Dec26,2026-10-27,69.51,0.900039,0.321389
2026-03-30,BRN Dec26,2026-10-27,73.37,0.950019,0.313869
2026-03-30,BRN Dec26,2026-10-27,77.23,1.0,0.308084
2026-03-30,BRN Dec26,2026-10-27,81.09,1.049981,0.303802
2026-03-30,BRN Dec26,2026-10-27,84.95,1.099961,0.300826
2026-03-30,BRN Dec26,2026-10-27,88.81,1.149942,0.298993
2026-03-30,BRN Dec26,2026-10-27,92.68,1.200052,0.298162
2026-03-30,BRN Dec26,2026-10-27,96.54,1.250032,0.298219
2026-03-31,BRN Dec26,2026-10-27,57.15,0.75,0.354463
2026-03-31,BRN Dec26,2026-10-27,60.96,0.8,0.339768
2026-03-31,BRN Dec26,2026-10-27,64.77,0.85,0.32786
2026-03-31,BRN Dec26,2026-10-27,68.58,0.9,0.318316
2026-03-31,BRN Dec26,2026-10-27,72.39,0.95,0.310792
2026-03-31,BRN Dec26,2026-10-27,76.2,1.0,0.305005
2026-03-31,BRN Dec26,2026-10-27,80.01,1.05,0.300721
2026-03-31,BRN Dec26,2026-10-27,83.82,1.1,0.297745
2026-03-31,BRN Dec26,2026-10-27,87.63,1.15,0.295912
2026-03-31,BRN Dec26,2026-10-27,91.44,1.2,0.295083
2026-03-31,BRN Dec26,2026-10-27,95.25,1.25,0.295139
2026-04-01,BRN Dec26,2026-10-27,58.48,0.750032,0.355002
2026-04-01,BRN Dec26,2026-10-27,62.38,0.800051,0.340303
2026-04-01,BRN Dec26,2026-10-27,66.27,0.849942,0.328421
2026-04-01,BRN Dec26,2026-10-27,70.17,0.899962,0.318872
2026-04-01,BRN Dec26,2026-10-27,74.07,0.949981,0.311344
2026-04-01,BRN Dec26,2026-10-27,77.97,1.0,0.305554
2026-04-01,BRN Dec26,2026-10-27,81.87,1.050019,0.301269
2026-04-01,BRN Dec26,2026-10-27,85.77,1.100038,0.298292
2026-04-01,BRN Dec26,2026-10-27,89.67,1.150058,0.29646
2026-04-01,BRN Dec26,2026-10-27,93.56,1.199949,0.295633
2026-04-01,BRN Dec26,2026-10-27,97.46,1.249968,0.295688
2026-04-02,BRN Dec26,2026-10-27,58.33,0.750032,0.354458
2026-04-02,BRN Dec26,2026-10-27,62.22,0.800051,0.339759
2026-04-02,BRN Dec26,2026-10-27,66.1,0.849942,0.327877
2026-04-02,BRN Dec26,2026-10-27,69.99,0.899961,0.318328
2026-04-02,BRN Dec26,2026-10-27,73.88,0.949981,0.310799
2026-04-02,BRN Dec26,2026-10-27,77.77,1.0,0.30501
2026-04-02,BRN Dec26,2026-10-27,81.66,1.050019,0.300725
2026-04-02,BRN Dec26,2026-10-27,85.55,1.100039,0.297748
2026-04-02,BRN Dec26,2026-10-27,89.44,1.150058,0.295915
2026-04-02,BRN Dec26,2026-10-27,93.32,1.199949,0.295088
2026-04-02,BRN Dec26,2026-10-27,97.21,1.249968,0.295143
2026-04-03,BRN Dec26,2026-10-27,57.92,0.750065,0.354939
2026-04-03,BRN Dec26,2026-10-27,61.78,0.800052,0.34025
2026-04-03,BRN Dec26,2026-10-27,65.64,0.850039,0.328348
2026-04-03,BRN Dec26,2026-10-27,69.5,0.900026,0.318808
2026-04-03,BRN Dec26,2026-10-27,73.36,0.950013,0.311287
2026-04-03,BRN Dec26,2026-10-27,77.22,1.0,0.305501
2026-04-03,BRN Dec26,2026-10-27,81.08,1.049987,0.301218
2026-04-03,BRN Dec26,2026-10-27,84.94,1.099974,0.298242
2026-04-03,BRN Dec26,2026-10-27,88.8,1.149961,0.296409
2026-04-03,BRN Dec26,2026-10-27,92.66,1.199948,0.29558
2026-04-03,BRN Dec26,2026-10-27,96.52,1.249935,0.295635
2026-04-06,BRN Dec26,2026-10-27,57.52,0.750033,0.351984
2026-04-06,BRN Dec26,2026-10-27,61.35,0.799974,0.337306
2026-04-06,BRN Dec26,2026-10-27,65.19,0.850046,0.325381
2026-04-06,BRN Dec26,2026-10-27,69.02,0.899987,0.31585
2026-04-06,BRN Dec26,2026-10-27,72.86,0.950059,0.308315
2026-04-06,BRN Dec26,2026-10-27,76.69,1.0,0.302536
2026-04-06,BRN Dec26,2026-10-27,80.52,1.049941,0.298256
2026-04-06,BRN Dec26,2026-10-27,84.36,1.100013,0.295275
2026-04-06,BRN Dec26,2026-10-27,88.19,1.149954,0.293444
2026-04-06,BRN Dec26,2026-10-27,92.03,1.200026,0.292614
2026-04-06,BRN Dec26,2026-10-27,95.86,1.249967,0.29267
2026-04-07,BRN Dec26,2026-10-27,58.09,0.750032,0.346839
2026-04-07,BRN Dec26,2026-10-27,61.96,0.8,0.332154
2026-04-07,BRN Dec26,2026-10-27,65.83,0.849968,0.320253
2026-04-07,BRN Dec26,2026-10-27,69.7,0.899935,0.310714
2026-04-07,BRN Dec26,2026-10-27,73.58,0.950032,0.303174
2026-04-07,BRN Dec26,2026-10-27,77.45,1.0,0.297391
2026-04-07,BRN Dec26,2026-10-27,81.32,1.049968,0.29311
2026-04-07,BRN Dec26,2026-10-27,85.2,1.100065,0.290128
2026-04-07,BRN Dec26,2026-10-27,89.07,1.150032,0.288298
2026-04-07,BRN Dec26,2026-10-27,92.94,1.2,0.287469
2026-04-07,BRN Dec26,2026-10-27,96.81,1.249968,0.287525
2026-04-08,BRN Dec26,2026-10-27,58.51,0.750032,0.340399
2026-04-08,BRN Dec26,2026-10-27,62.41,0.800026,0.325706
2026-04-08,BRN Dec26,2026-10-27,66.31,0.850019,0.313801
2026-04-08,BRN Dec26,2026-10-27,70.21,0.900013,0.30426
2026-04-08,BRN Dec26,2026-10-27,74.11,0.950006,0.296737
2026-04-08,BRN Dec26,2026-10-27,78.01,1.0,0.290951
2026-04-08,BRN Dec26,2026-10-27,81.91,1.049994,0.286667
2026-04-08,BRN Dec26,2026-10-27,85.81,1.099987,0.283691
2026-04-08,BRN Dec26,2026-10-27,89.71,1.149981,0.281858
2026-04-08,BRN Dec26,2026-10-27,93.61,1.199974,0.281029
2026-04-08,BRN Dec26,2026-10-27,97.51,1.249968,0.281084
2026-04-09,BRN Dec26,2026-10-27,58.93,0.750032,0.337018
2026-04-09,BRN Dec26,2026-10-27,62.86,0.800051,0.322319
2026-04-09,BRN Dec26,2026-10-27,66.78,0.849943,0.310437
2026-04-09,BRN Dec26,2026-10-27,70.71,0.899962,0.300888
2026-04-09,BRN Dec26,2026-10-27,74.64,0.949981,0.29336
2026-04-09,BRN Dec26,2026-10-27,78.57,1.0,0.28757
2026-04-09,BRN Dec26,2026-10-27,82.5,1.050019,0.283285
2026-04-09,BRN Dec26,2026-10-27,86.43,1.100038,0.280308
2026-04-09,BRN Dec26,2026-10-27,90.36,1.150057,0.278476
2026-04-09,BRN Dec26,2026-10-27,94.28,1.199949,0.277648
2026-04-09,BRN Dec26,2026-10-27,98.21,1.249968,0.277704
2026-04-10,BRN Dec26,2026-10-27,59.38,0.750032,0.335715
2026-04-10,BRN Dec26,2026-10-27,63.34,0.800051,0.321016
2026-04-10,BRN Dec26,2026-10-27,67.29,0.849943,0.309134
2026-04-10,BRN Dec26,2026-10-27,71.25,0.899962,0.299585
2026-04-10,BRN Dec26,2026-10-27,75.21,0.949981,0.292056
2026-04-10,BRN Dec26,2026-10-27,79.17,1.0,0.286267
2026-04-10,BRN Dec26,2026-10-27,83.13,1.050019,0.281982
2026-04-10,BRN Dec26,2026-10-27,87.09,1.100038,0.279005
2026-04-10,BRN Dec26,2026-10-27,91.05,1.150057,0.277172
2026-04-10,BRN Dec26,2026-10-27,95.0,1.199949,0.276345
2026-04-10,BRN Dec26,2026-10-27,98.96,1.249968,0.2764
2026-04-13,BRN Dec26,2026-10-27,61.68,0.75,0.334958
2026-04-13,BRN Dec26,2026-10-27,65.79,0.799976,0.320268
2026-04-13,BRN Dec26,2026-10-27,69.9,0.849951,0.308365
2026-04-13,BRN Dec26,2026-10-27,74.02,0.900049,0.298802
2026-04-13,BRN Dec26,2026-10-27,78.13,0.950024,0.291283
2026-04-13,BRN Dec26,2026-10-27,82.24,1.0,0.285499
2026-04-13,BRN Dec26,2026-10-27,86.35,1.049976,0.281217
2026-04-13,BRN Dec26,2026-10-27,90.46,1.099951,0.278242
2026-04-13,BRN Dec26,2026-10-27,94.58,1.150049,0.276405
2026-04-13,BRN Dec26,2026-10-27,98.69,1.200024,0.275577
2026-04-13,BRN Dec26,2026-10-27,102.8,1.25,0.275633
2026-04-14,BRN Dec26,2026-10-27,61.18,0.750031,0.340894
2026-04-14,BRN Dec26,2026-10-27,65.26,0.800049,0.326196
2026-04-14,BRN Dec26,2026-10-27,69.33,0.849945,0.314313
2026-04-14,BRN Dec26,2026-10-27,73.41,0.899963,0.304763
2026-04-14,BRN Dec26,2026-10-27,77.49,0.949982,0.297235
2026-04-14,BRN Dec26,2026-10-27,81.57,1.0,0.291446
2026-04-14,BRN Dec26,2026-10-27,85.65,1.050018,0.287161
2026-04-14,BRN Dec26,2026-10-27,89.73,1.100037,0.284184
2026-04-14,BRN Dec26,2026-10-27,93.81,1.150055,0.282352
2026-04-14,BRN Dec26,2026-10-27,97.88,1.199951,0.281524
2026-04-14,BRN Dec26,2026-10-27,101.96,1.249969,0.28158
2026-04-15,BRN Dec26,2026-10-27,60.6,0.75,0.344179
2026-04-15,BRN Dec26,2026-10-27,64.64,0.8,0.329483
2026-04-15,BRN Dec26,2026-10-27,68.68,0.85,0.317576
2026-04-15,BRN Dec26,2026-10-27,72.72,0.9,0.308032
2026-04-15,BRN Dec26,2026-10-27,76.76,0.95,0.300508
2026-04-15,BRN Dec26,2026-10-27,80.8,1.0,0.294721
2026-04-15,BRN Dec26,2026-10-27,84.84,1.05,0.290437
2026-04-15,BRN Dec26,2026-10-27,88.88,1.1,0.287461
2026-04-15,BRN Dec26,2026-10-27,92.92,1.15,0.285628
2026-04-15,BRN Dec26,2026-10-27,96.96,1.2,0.284799
2026-04-15,BRN Dec26,2026-10-27,101.0,1.25,0.284854
2026-04-16,BRN Dec26,2026-10-27,59.71,0.750031,0.341141
2026-04-16,BRN Dec26,2026-10-27,63.69,0.800025,0.326449
2026-04-16,BRN Dec26,2026-10-27,67.67,0.850019,0.314544
2026-04-16,BRN Dec26,2026-10-27,71.65,0.900013,0.305002
2026-04-16,BRN Dec26,2026-10-27,75.63,0.950006,0.297479
2026-04-16,BRN Dec26,2026-10-27,79.61,1.0,0.291693
2026-04-16,BRN Dec26,2026-10-27,83.59,1.049994,0.287409
2026-04-16,BRN Dec26,2026-10-27,87.57,1.099987,0.284433
2026-04-16,BRN Dec26,2026-10-27,91.55,1.149981,0.2826
2026-04-16,BRN Dec26,2026-10-27,95.53,1.199975,0.281771
2026-04-16,BRN Dec26,2026-10-27,99.51,1.249969,0.281826
2026-04-17,BRN Dec26,2026-10-27,60.38,0.750062,0.342123
2026-04-17,BRN Dec26,2026-10-27,64.4,0.8,0.327448
2026-04-17,BRN Dec26,2026-10-27,68.42,0.849938,0.315553
2026-04-17,BRN Dec26,2026-10-27,72.45,0.9,0.305996
2026-04-17,BRN Dec26,2026-10-27,76.47,0.949938,0.29848
2026-04-17,BRN Dec26,2026-10-27,80.5,1.0,0.292685
2026-04-17,BRN Dec26,2026-10-27,84.52,1.049938,0.288406
2026-04-17,BRN Dec26,2026-10-27,88.55,1.1,0.285425
2026-04-17,BRN Dec26,2026-10-27,92.57,1.149938,0.283594
2026-04-17,BRN Dec26,2026-10-27,96.6,1.2,0.282763
2026-04-17,BRN Dec26,2026-10-27,100.62,1.249938,0.282818
2026-04-20,BRN Dec26,2026-10-27,61.64,0.750061,0.340822
2026-04-20,BRN Dec26,2026-10-27,65.74,0.799951,0.326159
2026-04-20,BRN Dec26,2026-10-27,69.85,0.849963,0.314246
2026-04-20,BRN Dec26,2026-10-27,73.96,0.899976,0.304699
2026-04-20,BRN Dec26,2026-10-27,78.07,0.949988,0.297172
2026-04-20,BRN Dec26,2026-10-27,82.18,1.0,0.291383
2026-04-20,BRN Dec26,2026-10-27,86.29,1.050012,0.287098
2026-04-20,BRN Dec26,2026-10-27,90.4,1.100024,0.284122
2026-04-20,BRN Dec26,2026-10-27,94.51,1.150037,0.282289
2026-04-20,BRN Dec26,2026-10-27,98.62,1.200049,0.281461
2026-04-20,BRN Dec26,2026-10-27,102.72,1.249939,0.281517
2026-04-21,BRN Dec26,2026-10-27,61.44,0.75,0.339947
2026-04-21,BRN Dec26,2026-10-27,65.54,0.800049,0.325238
2026-04-21,BRN Dec26,2026-10-27,69.63,0.849976,0.313349
2026-04-21,BRN Dec26,2026-10-27,73.73,0.900024,0.303796
2026-04-21,BRN Dec26,2026-10-27,77.82,0.949951,0.296282
2026-04-21,BRN Dec26,2026-10-27,81.92,1.0,0.290489
2026-04-21,BRN Dec26,2026-10-27,86.02,1.050049,0.286201
2026-04-21,BRN Dec26,2026-10-27,90.11,1.099976,0.28323
2026-04-21,BRN Dec26,2026-10-27,94.21,1.150024,0.281395
2026-04-21,BRN Dec26,2026-10-27,98.3,1.199951,0.280567
2026-04-21,BRN Dec26,2026-10-27,102.4,1.25,0.280623
2026-04-22,BRN Dec26,2026-10-27,60.51,0.75,0.340488
2026-04-22,BRN Dec26,2026-10-27,64.54,0.79995,0.325806
2026-04-22,BRN Dec26,2026-10-27,68.58,0.850025,0.31388
2026-04-22,BRN Dec26,2026-10-27,72.61,0.899975,0.304345
2026-04-22,BRN Dec26,2026-10-27,76.65,0.95005,0.29681
2026-04-22,BRN Dec26,2026-10-27,80.68,1.0,0.29103
2026-04-22,BRN Dec26,2026-10-27,84.71,1.04995,0.28675
2026-04-22,BRN Dec26,2026-10-27,88.75,1.100025,0.283769
2026-04-22,BRN Dec26,2026-10-27,92.78,1.149975,0.281938
2026-04-22,BRN Dec26,2026-10-27,96.82,1.20005,0.281108
2026-04-22,BRN Dec26,2026-10-27,100.85,1.25,0.281164
2026-04-23,BRN Dec26,2026-10-27,59.68,0.749937,0.342335
2026-04-23,BRN Dec26,2026-10-27,63.66,0.79995,0.327632
2026-04-23,BRN Dec26,2026-10-27,67.64,0.849962,0.31572
2026-04-23,BRN Dec26,2026-10-27,71.62,0.899975,0.306172
2026-04-23,BRN Dec26,2026-10-27,75.6,0.949987,0.298645
2026-04-23,BRN Dec26,2026-10-27,79.58,1.0,0.292857
2026-04-23,BRN Dec26,2026-10-27,83.56,1.050013,0.288572
2026-04-23,BRN Dec26,2026-10-27,87.54,1.100025,0.285595
2026-04-23,BRN Dec26,2026-10-27,91.52,1.150038,0.283763
2026-04-23,BRN Dec26,2026-10-27,95.5,1.20005,0.282934
2026-04-23,BRN Dec26,2026-10-27,99.48,1.250063,0.282991
2026-04-24,BRN Dec26,2026-10-27,60.33,0.75,0.341212
2026-04-24,BRN Dec26,2026-10-27,64.35,0.799975,0.326522
2026-04-24,BRN Dec26,2026-10-27,68.37,0.84995,0.314619
2026-04-24,BRN Dec26,2026-10-27,72.4,0.90005,0.305056
2026-04-24,BRN Dec26,2026-10-27,76.42,0.950025,0.297537
2026-04-24,BRN Dec26,2026-10-27,80.44,1.0,0.291753
2026-04-24,BRN Dec26,2026-10-27,84.46,1.049975,0.287471
2026-04-24,BRN Dec26,2026-10-27,88.48,1.09995,0.284495
2026-04-24,BRN Dec26,2026-10-27,92.51,1.15005,0.282659
2026-04-24,BRN Dec26,2026-10-27,96.53,1.200025,0.281831
2026-04-24,BRN Dec26,2026-10-27,100.55,1.25,0.281887
2026-04-27,BRN Dec26,2026-10-27,61.09,0.750031,0.344341
2026-04-27,BRN Dec26,2026-10-27,65.16,0.8,0.329655
2026-04-27,BRN Dec26,2026-10-27,69.23,0.849969,0.317754
2026-04-27,BRN Dec26,2026-10-27,73.31,0.900061,0.308193
2026-04-27,BRN Dec26,2026-10-27,77.38,0.950031,0.300675
2026-04-27,BRN Dec26,2026-10-27,81.45,1.0,0.294892
2026-04-27,BRN Dec26,2026-10-27,85.52,1.049969,0.29061
2026-04-27,BRN Dec26,2026-10-27,89.6,1.100061,0.287629
2026-04-27,BRN Dec26,2026-10-27,93.67,1.150031,0.285798
2026-04-27,BRN Dec26,2026-10-27,97.74,1.2,0.28497
2026-04-27,BRN Dec26,2026-10-27,101.81,1.249969,0.285026
2026-04-28,BRN Dec26,2026-10-27,61.68,0.75,0.340778
2026-04-28,BRN Dec26,2026-10-27,65.79,0.799976,0.326089
2026-04-28,BRN Dec26,2026-10-27,69.9,0.849951,0.314185
2026-04-28,BRN Dec26,2026-10-27,74.02,0.900049,0.304622
2026-04-28,BRN Dec26,2026-10-27,78.13,0.950024,0.297103
2026-04-28,BRN Dec26,2026-10-27,82.24,1.0,0.291319
2026-04-28,BRN Dec26,2026-10-27,86.35,1.049976,0.287037
2026-04-28,BRN Dec26,2026-10-27,90.46,1.099951,0.284062
2026-04-28,BRN Dec26,2026-10-27,94.58,1.150049,0.282225
2026-04-28,BRN Dec26,2026-10-27,98.69,1.200024,0.281397
2026-04-28,BRN Dec26,2026-10-27,102.8,1.25,0.281453
2026-04-29,BRN Dec26,2026-10-27,60.98,0.749969,0.340767
2026-04-29,BRN Dec26,2026-10-27,65.05,0.800025,0.326055
2026-04-29,BRN Dec26,2026-10-27,69.11,0.849957,0.314163
2026-04-29,BRN Dec26,2026-10-27,73.18,0.900012,0.304608
2026-04-29,BRN Dec26,2026-10-27,77.24,0.949945,0.297093
2026-04-29,BRN Dec26,2026-10-27,81.31,1.0,0.291299
2026-04-29,BRN Dec26,2026-10-27,85.38,1.050055,0.287011
2026-04-29,BRN Dec26,2026-10-27,89.44,1.099988,0.284039
2026-04-29,BRN Dec26,2026-10-27,93.51,1.150043,0.282205
2026-04-29,BRN Dec26,2026-10-27,97.57,1.199975,0.281377
2026-04-29,BRN Dec26,2026-10-27,101.64,1.250031,0.281433
2026-04-30,BRN Dec26,2026-10-27,61.22,0.750061,0.348492
2026-04-30,BRN Dec26,2026-10-27,65.3,0.800049,0.333803
2026-04-30,BRN Dec26,2026-10-27,69.38,0.850037,0.3219
2026-04-30,BRN Dec26,2026-10-27,73.46,0.900025,0.31236
2026-04-30,BRN Dec26,2026-10-27,77.54,0.950012,0.304838
2026-04-30,BRN Dec26,2026-10-27,81.62,1.0,0.299053
2026-04-30,BRN Dec26,2026-10-27,85.7,1.049988,0.29477
2026-04-30,BRN Dec26,2026-10-27,89.78,1.099975,0.291794
2026-04-30,BRN Dec26,2026-10-27,93.86,1.149963,0.289961
2026-04-30,BRN Dec26,2026-10-27,97.94,1.199951,0.289131
2026-04-30,BRN Dec26,2026-10-27,102.02,1.249939,0.289186
2026-05-01,BRN Dec26,2026-10-27,61.4,0.750061,0.348889
2026-05-01,BRN Dec26,2026-10-27,65.49,0.800024,0.334207
2026-05-01,BRN Dec26,2026-10-27,69.58,0.849988,0.322308
2026-05-01,BRN Dec26,2026-10-27,73.67,0.899951,0.31277
2026-05-01,BRN Dec26,2026-10-27,77.77,0.950037,0.305233
2026-05-01,BRN Dec26,2026-10-27,81.86,1.0,0.299451
2026-05-01,BRN Dec26,2026-10-27,85.95,1.049963,0.295169
2026-05-01,BRN Dec26,2026-10-27,90.05,1.100049,0.292188
2026-05-01,BRN Dec26,2026-10-27,94.14,1.150012,0.290357
2026-05-01,BRN Dec26,2026-10-27,98.23,1.199976,0.289529
2026-05-01,BRN Dec26,2026-10-27,102.32,1.249939,0.289584
2026-05-04,BRN Dec26,2026-10-27,61.65,0.75,0.352925
2026-05-04,BRN Dec26,2026-10-27,65.76,0.8,0.338229
2026-05-04,BRN Dec26,2026-10-27,69.87,0.85,0.326322
2026-05-04,BRN Dec26,2026-10-27,73.98,0.9,0.316778
2026-05-04,BRN Dec26,2026-10-27,78.09,0.95,0.309254
2026-05-04,BRN Dec26,2026-10-27,82.2,1.0,0.303467
2026-05-04,BRN Dec26,2026-10-27,86.31,1.05,0.299183
2026-05-04,BRN Dec26,2026-10-27,90.42,1.1,0.296207
2026-05-04,BRN Dec26,2026-10-27,94.53,1.15,0.294374
2026-05-04,BRN Dec26,2026-10-27,98.64,1.2,0.293545
2026-05-04,BRN Dec26,2026-10-27,102.75,1.25,0.293601
2026-05-05,BRN Dec26,2026-10-27,62.63,0.74997,0.352805
2026-05-05,BRN Dec26,2026-10-27,66.81,0.800024,0.338094
2026-05-05,BRN Dec26,2026-10-27,70.98,0.849958,0.326201
2026-05-05,BRN Dec26,2026-10-27,75.16,0.900012,0.316647
2026-05-05,BRN Dec26,2026-10-27,79.33,0.949946,0.309132
2026-05-05,BRN Dec26,2026-10-27,83.51,1.0,0.303337
2026-05-05,BRN Dec26,2026-10-27,87.69,1.050054,0.29905
2026-05-05,BRN Dec26,2026-10-27,91.86,1.099988,0.296078
2026-05-05,BRN Dec26,2026-10-27,96.04,1.150042,0.294243
2026-05-05,BRN Dec26,2026-10-27,100.21,1.199976,0.293416
2026-05-05,BRN Dec26,2026-10-27,104.39,1.25003,0.293471
2026-05-06,BRN Dec26,2026-10-27,62.88,0.75,0.354138
2026-05-06,BRN Dec26,2026-10-27,67.07,0.799976,0.339448
2026-05-06,BRN Dec26,2026-10-27,71.26,0.849952,0.327545
2026-05-06,BRN Dec26,2026-10-27,75.46,0.900048,0.317983
2026-05-06,BRN Dec26,2026-10-27,79.65,0.950024,0.310463
2026-05-06,BRN Dec26,2026-10-27,83.84,1.0,0.30468
2026-05-06,BRN Dec26,2026-10-27,88.03,1.049976,0.300397
2026-05-06,BRN Dec26,2026-10-27,92.22,1.099952,0.297422
2026-05-06,BRN Dec26,2026-10-27,96.42,1.150048,0.295585
2026-05-06,BRN Dec26,2026-10-27,100.61,1.200024,0.294757
2026-05-06,BRN Dec26,2026-10-27,104.8,1.25,0.294813
2026-05-07,BRN Dec26,2026-10-27,63.72,0.75,0.353527
2026-05-07,BRN Dec26,2026-10-27,67.97,0.800024,0.338825
2026-05-07,BRN Dec26,2026-10-27,72.22,0.850047,0.326914
2026-05-07,BRN Dec26,2026-10-27,76.46,0.899953,0.317388
2026-05-07,BRN Dec26,2026-10-27,80.71,0.949976,0.309859
2026-05-07,BRN Dec26,2026-10-27,84.96,1.0,0.304069
2026-05-07,BRN Dec26,2026-10-27,89.21,1.050024,0.299783
2026-05-07,BRN Dec26,2026-10-27,93.46,1.100047,0.296807
2026-05-07,BRN Dec26,2026-10-27,97.7,1.149953,0.294977
2026-05-07,BRN Dec26,2026-10-27,101.95,1.199976,0.294147
2026-05-07,BRN Dec26,2026-10-27,106.2,1.25,0.294203
2026-05-08,BRN Dec26,2026-10-27,63.75,0.75,0.352594
2026-05-08,BRN Dec26,2026-10-27,68.0,0.8,0.337898
2026-05-08,BRN Dec26,2026-10-27,72.25,0.85,0.32599
2026-05-08,BRN Dec26,2026-10-27,76.5,0.9,0.316447
2026-05-08,BRN Dec26,2026-10-27,80.75,0.95,0.308923
2026-05-08,BRN Dec26,2026-10-27,85.0,1.0,0.303135
2026-05-08,BRN Dec26,2026-10-27,89.25,1.05,0.298852
2026-05-08,BRN Dec26,2026-10-27,93.5,1.1,0.295875
2026-05-08,BRN Dec26,2026-10-27,97.75,1.15,0.294043
2026-05-08,BRN Dec26,2026-10-27,102.0,1.2,0.293214
2026-05-08,BRN Dec26,2026-10-27,106.25,1.25,0.293269
2026-05-11,BRN Dec26,2026-10-27,63.96,0.75,0.349861
2026-05-11,BRN Dec26,2026-10-27,68.22,0.799953,0.335178
2026-05-11,BRN Dec26,2026-10-27,72.49,0.850023,0.323253
2026-05-11,BRN Dec26,2026-10-27,76.75,0.899977,0.313718
2026-05-11,BRN Dec26,2026-10-27,81.02,0.950047,0.306184
2026-05-11,BRN Dec26,2026-10-27,85.28,1.0,0.300403
2026-05-11,BRN Dec26,2026-10-27,89.54,1.049953,0.296122
2026-05-11,BRN Dec26,2026-10-27,93.81,1.100023,0.293142
2026-05-11,BRN Dec26,2026-10-27,98.07,1.149977,0.291311
2026-05-11,BRN Dec26,2026-10-27,102.34,1.200047,0.290481
2026-05-11,BRN Dec26,2026-10-27,106.6,1.25,0.290537
2026-05-12,BRN Dec26,2026-10-27,64.73,0.749971,0.35085
2026-05-12,BRN Dec26,2026-10-27,69.05,0.800023,0.336138
2026-05-12,BRN Dec26,2026-10-27,73.36,0.849959,0.324245
2026-05-12,BRN Dec26,2026-10-27,77.68,0.900012,0.314691
2026-05-12,BRN Dec26,2026-10-27,81.99,0.949948,0.307176
2026-05-12,BRN Dec26,2026-10-27,86.31,1.0,0.301382
2026-05-12,BRN Dec26,2026-10-27,90.63,1.050052,0.297094
2026-05-12,BRN Dec26,2026-10-27,94.94,1.099988,0.294122
2026-05-12,BRN Dec26,2026-10-27,99.26,1.150041,0.292288
2026-05-12,BRN Dec26,2026-10-27,103.57,1.199977,0.29146
2026-05-12,BRN Dec26,2026-10-27,107.89,1.250029,0.291516
2026-05-13,BRN Dec26,2026-10-27,63.03,0.75,0.347944
2026-05-13,BRN Dec26,2026-10-27,67.23,0.799976,0.333255
2026-05-13,BRN Dec26,2026-10-27,71.43,0.849952,0.321351
2026-05-13,BRN Dec26,2026-10-27,75.64,0.900048,0.311789
2026-05-13,BRN Dec26,2026-10-27,79.84,0.950024,0.30427
2026-05-13,BRN Dec26,2026-10-27,84.04,1.0,0.298486
2026-05-13,BRN Dec26,2026-10-27,88.24,1.049976,0.294204
2026-05-13,BRN Dec26,2026-10-27,92.44,1.099952,0.291228
2026-05-13,BRN Dec26,2026-10-27,96.65,1.150048,0.289392
2026-05-13,BRN Dec26,2026-10-27,100.85,1.200024,0.288564
2026-05-13,BRN Dec26,2026-10-27,105.05,1.25,0.28862
2026-05-14,BRN Dec26,2026-10-27,62.66,0.75006,0.349667
2026-05-14,BRN Dec26,2026-10-27,66.83,0.799976,0.334997
2026-05-14,BRN Dec26,2026-10-27,71.01,0.850012,0.32308
2026-05-14,BRN Dec26,2026-10-27,75.19,0.900048,0.313531
2026-05-14,BRN Dec26,2026-10-27,79.36,0.949964,0.30602
2026-05-14,BRN Dec26,2026-10-27,83.54,1.0,0.300228
2026-05-14,BRN Dec26,2026-10-27,87.72,1.050036,0.295941
2026-05-14,BRN Dec26,2026-10-27,91.89,1.099952,0.29297
2026-05-14,BRN Dec26,2026-10-27,96.07,1.149988,0.291135
2026-05-14,BRN Dec26,2026-10-27,100.25,1.200024,0.290306
2026-05-14,BRN Dec26,2026-10-27,104.43,1.25006,0.290362
2026-05-15,BRN Dec26,2026-10-27,62.18,0.75006,0.352616
2026-05-15,BRN Dec26,2026-10-27,66.32,0.8,0.33794
2026-05-15,BRN Dec26,2026-10-27,70.46,0.84994,0.326045
2026-05-15,BRN Dec26,2026-10-27,74.61,0.9,0.316488
2026-05-15,BRN Dec26,2026-10-27,78.76,0.95006,0.308956
2026-05-15,BRN Dec26,2026-10-27,82.9,1.0,0.303177
2026-05-15,BRN Dec26,2026-10-27,87.05,1.05006,0.298889
2026-05-15,BRN Dec26,2026-10-27,91.19,1.1,0.295917
2026-05-15,BRN Dec26,2026-10-27,95.34,1.15006,0.294083
2026-05-15,BRN Dec26,2026-10-27,99.48,1.2,0.293255
2026-05-15,BRN Dec26,2026-10-27,103.62,1.24994,0.29331
2026-05-18,BRN Dec26,2026-10-27,61.37,0.749969,0.35335
2026-05-18,BRN Dec26,2026-10-27,65.46,0.799951,0.338657
2026-05-18,BRN Dec26,2026-10-27,69.56,0.850055,0.326724
2026-05-18,BRN Dec26,2026-10-27,73.65,0.900037,0.317186
2026-05-18,BRN Dec26,2026-10-27,77.74,0.950018,0.309666
2026-05-18,BRN Dec26,2026-10-27,81.83,1.0,0.303881
2026-05-18,BRN Dec26,2026-10-27,85.92,1.049982,0.299599
2026-05-18,BRN Dec26,2026-10-27,90.01,1.099963,0.296623
2026-05-18,BRN Dec26,2026-10-27,94.1,1.149945,0.29479
2026-05-18,BRN Dec26,2026-10-27,98.2,1.200049,0.293959
2026-05-18,BRN Dec26,2026-10-27,102.29,1.250031,0.294015
2026-05-19,BRN Dec26,2026-10-27,61.0,0.750031,0.352054
2026-05-19,BRN Dec26,2026-10-27,65.06,0.799951,0.337382
2026-05-19,BRN Dec26,2026-10-27,69.13,0.849994,0.325462
2026-05-19,BRN Dec26,2026-10-27,73.2,0.900037,0.315911
2026-05-19,BRN Dec26,2026-10-27,77.26,0.949957,0.308399
2026-05-19,BRN Dec26,2026-10-27,81.33,1.0,0.302606
2026-05-19,BRN Dec26,2026-10-27,85.4,1.050043,0.298319
2026-05-19,BRN Dec26,2026-10-27,89.46,1.099963,0.295348
2026-05-19,BRN Dec26,2026-10-27,93.53,1.150006,0.293513
2026-05-19,BRN Dec26,2026-10-27,97.6,1.200049,0.292684
2026-05-19,BRN Dec26,2026-10-27,101.66,1.249969,0.29274
2026-05-20,BRN Dec26,2026-10-27,62.56,0.74994,0.353068
2026-05-20,BRN Dec26,2026-10-27,66.74,0.800048,0.33834
2026-05-20,BRN Dec26,2026-10-27,70.91,0.850036,0.326437
2026-05-20,BRN Dec26,2026-10-27,75.08,0.900024,0.316897
2026-05-20,BRN Dec26,2026-10-27,79.25,0.950012,0.309375
2026-05-20,BRN Dec26,2026-10-27,83.42,1.0,0.30359
2026-05-20,BRN Dec26,2026-10-27,87.59,1.049988,0.299307
2026-05-20,BRN Dec26,2026-10-27,91.76,1.099976,0.296331
2026-05-20,BRN Dec26,2026-10-27,95.93,1.149964,0.294498
2026-05-20,BRN Dec26,2026-10-27,100.1,1.199952,0.293668
2026-05-20,BRN Dec26,2026-10-27,104.28,1.25006,0.293724
2026-05-21,BRN Dec26,2026-10-27,61.56,0.75,0.351714
2026-05-21,BRN Dec26,2026-10-27,65.66,0.799951,0.337032
2026-05-21,BRN Dec26,2026-10-27,69.77,0.850024,0.325106
2026-05-21,BRN Dec26,2026-10-27,73.87,0.899976,0.315571
2026-05-21,BRN Dec26,2026-10-27,77.98,0.950049,0.308037
2026-05-21,BRN Dec26,2026-10-27,82.08,1.0,0.302256
2026-05-21,BRN Dec26,2026-10-27,86.18,1.049951,0.297976
2026-05-21,BRN Dec26,2026-10-27,90.29,1.100024,0.294995
2026-05-21,BRN Dec26,2026-10-27,94.39,1.149976,0.293164
2026-05-21,BRN Dec26,2026-10-27,98.5,1.200049,0.292334
2026-05-21,BRN Dec26,2026-10-27,102.6,1.25,0.29239
2026-05-22,BRN Dec26,2026-10-27,62.66,0.75006,0.354134
2026-05-22,BRN Dec26,2026-10-27,66.83,0.799976,0.339464
2026-05-22,BRN Dec26,2026-10-27,71.01,0.850012,0.327547
2026-05-22,BRN Dec26,2026-10-27,75.19,0.900048,0.317998
2026-05-22,BRN Dec26,2026-10-27,79.36,0.949964,0.310487
2026-05-22,BRN Dec26,2026-10-27,83.54,1.0,0.304695
2026-05-22,BRN Dec26,2026-10-27,87.72,1.050036,0.300409
2026-05-22,BRN Dec26,2026-10-27,91.89,1.099952,0.297437
2026-05-22,BRN Dec26,2026-10-27,96.07,1.149988,0.295602
2026-05-22,BRN Dec26,2026-10-27,100.25,1.200024,0.294773
2026-05-22,BRN Dec26,2026-10-27,104.43,1.25006,0.294829
2026-05-25,BRN Dec26,2026-10-27,60.82,0.749938,0.348238
2026-05-25,BRN Dec26,2026-10-27,64.88,0.8,0.333523
2026-05-25,BRN Dec26,2026-10-27,68.93,0.849938,0.321628
2026-05-25,BRN Dec26,2026-10-27,72.99,0.9,0.312071
2026-05-25,BRN Dec26,2026-10-27,77.04,0.949938,0.304555
2026-05-25,BRN Dec26,2026-10-27,81.1,1.0,0.29876
2026-05-25,BRN Dec26,2026-10-27,85.16,1.050062,0.294472
2026-05-25,BRN Dec26,2026-10-27,89.21,1.1,0.2915
2026-05-25,BRN Dec26,2026-10-27,93.26,1.149938,0.289669
2026-05-25,BRN Dec26,2026-10-27,97.32,1.2,0.288838
2026-05-25,BRN Dec26,2026-10-27,101.38,1.250062,0.288894
2026-05-26,BRN Dec26,2026-10-27,60.46,0.749938,0.346969
2026-05-26,BRN Dec26,2026-10-27,64.5,0.80005,0.33224
2026-05-26,BRN Dec26,2026-10-27,68.53,0.850037,0.320337
2026-05-26,BRN Dec26,2026-10-27,72.56,0.900025,0.310797
2026-05-26,BRN Dec26,2026-10-27,76.59,0.950012,0.303276
2026-05-26,BRN Dec26,2026-10-27,80.62,1.0,0.29749
2026-05-26,BRN Dec26,2026-10-27,84.65,1.049988,0.293207
2026-05-26,BRN Dec26,2026-10-27,88.68,1.099975,0.290231
2026-05-26,BRN Dec26,2026-10-27,92.71,1.149963,0.288398
2026-05-26,BRN Dec26,2026-10-27,96.74,1.19995,0.287569
2026-05-26,BRN Dec26,2026-10-27,100.78,1.250062,0.287625
2026-05-27,BRN Dec26,2026-10-27,60.57,0.75,0.340752
2026-05-27,BRN Dec26,2026-10-27,64.61,0.800025,0.326049
2026-05-27,BRN Dec26,2026-10-27,68.65,0.85005,0.314138
2026-05-27,BRN Dec26,2026-10-27,72.68,0.89995,0.304613
2026-05-27,BRN Dec26,2026-10-27,76.72,0.949975,0.297084
2026-05-27,BRN Dec26,2026-10-27,80.76,1.0,0.291293
2026-05-27,BRN Dec26,2026-10-27,84.8,1.050025,0.287007
2026-05-27,BRN Dec26,2026-10-27,88.84,1.10005,0.284031
2026-05-27,BRN Dec26,2026-10-27,92.87,1.14995,0.282202
2026-05-27,BRN Dec26,2026-10-27,96.91,1.199975,0.281371
2026-05-27,BRN Dec26,2026-10-27,100.95,1.25,0.281427
2026-05-28,BRN Dec26,2026-10-27,61.1,0.749969,0.336238
2026-05-28,BRN Dec26,2026-10-27,65.18,0.800049,0.321519
2026-05-28,BRN Dec26,2026-10-27,69.25,0.850006,0.309623
2026-05-28,BRN Dec26,2026-10-27,73.32,0.899963,0.300087
2026-05-28,BRN Dec26,2026-10-27,77.4,0.950043,0.292551
2026-05-28,BRN Dec26,2026-10-27,81.47,1.0,0.286769
2026-05-28,BRN Dec26,2026-10-27,85.54,1.049957,0.282488
2026-05-28,BRN Dec26,2026-10-27,89.62,1.100037,0.279507
2026-05-28,BRN Dec26,2026-10-27,93.69,1.149994,0.277677
2026-05-28,BRN Dec26,2026-10-27,97.76,1.199951,0.276848
2026-05-28,BRN Dec26,2026-10-27,101.84,1.250031,0.276903
2026-05-29,BRN Dec26,2026-10-27,61.89,0.75,0.340416
2026-05-29,BRN Dec26,2026-10-27,66.02,0.800048,0.325708
2026-05-29,BRN Dec26,2026-10-27,70.14,0.849976,0.313818
2026-05-29,BRN Dec26,2026-10-27,74.27,0.900024,0.304265
2026-05-29,BRN Dec26,2026-10-27,78.39,0.949952,0.296751
2026-05-29,BRN Dec26,2026-10-27,82.52,1.0,0.290958
2026-05-29,BRN Dec26,2026-10-27,86.65,1.050048,0.28667
2026-05-29,BRN Dec26,2026-10-27,90.77,1.099976,0.283699
2026-05-29,BRN Dec26,2026-10-27,94.9,1.150024,0.281864
2026-05-29,BRN Dec26,2026-10-27,99.02,1.199952,0.281036
2026-05-29,BRN Dec26,2026-10-27,103.15,1.25,0.281092
2026-06-01,BRN Dec26,2026-10-27,62.76,0.75,0.343073
2026-06-01,BRN Dec26,2026-10-27,66.94,0.799952,0.32839
2026-06-01,BRN Dec26,2026-10-27,71.13,0.850024,0.316464
2026-06-01,BRN Dec26,2026-10-27,75.31,0.899976,0.30693
2026-06-01,BRN Dec26,2026-10-27,79.5,0.950048,0.299395
2026-06-01,BRN Dec26,2026-10-27,83.68,1.0,0.293615
2026-06-01,BRN Dec26,2026-10-27,87.86,1.049952,0.289334
2026-06-01,BRN Dec26,2026-10-27,92.05,1.100024,0.286353
2026-06-01,BRN Dec26,2026-10-27,96.23,1.149976,0.284522
2026-06-01,BRN Dec26,2026-10-27,100.42,1.200048,0.283692
2026-06-01,BRN Dec26,2026-10-27,104.6,1.25,0.283748
2026-06-02,BRN Dec26,2026-10-27,62.4,0.75,0.340806
2026-06-02,BRN Dec26,2026-10-27,66.56,0.8,0.32611
2026-06-02,BRN Dec26,2026-10-27,70.72,0.85,0.314203
2026-06-02,BRN Dec26,2026-10-27,74.88,0.9,0.304659
2026-06-02,BRN Dec26,2026-10-27,79.04,0.95,0.297135
2026-06-02,BRN Dec26,2026-10-27,83.2,1.0,0.291348
2026-06-02,BRN Dec26,2026-10-27,87.36,1.05,0.287064
2026-06-02,BRN Dec26,2026-10-27,91.52,1.1,0.284088
2026-06-02,BRN Dec26,2026-10-27,95.68,1.15,0.282255
2026-06-02,BRN Dec26,2026-10-27,99.84,1.2,0.281426
2026-06-02,BRN Dec26,2026-10-27,104.0,1.25,0.281482
2026-06-03,BRN Dec26,2026-10-27,61.92,0.75,0.336258
2026-06-03,BRN Dec26,2026-10-27,66.05,0.800024,0.321556
2026-06-03,BRN Dec26,2026-10-27,70.18,0.850048,0.309644
2026-06-03,BRN Dec26,2026-10-27,74.3,0.899952,0.300119
2026-06-03,BRN Dec26,2026-10-27,78.43,0.949976,0.29259
2026-06-03,BRN Dec26,2026-10-27,82.56,1.0,0.2868
2026-06-03,BRN Dec26,2026-10-27,86.69,1.050024,0.282514
2026-06-03,BRN Dec26,2026-10-27,90.82,1.100048,0.279537
2026-06-03,BRN Dec26,2026-10-27,94.94,1.149952,0.277708
2026-06-03,BRN Dec26,2026-10-27,99.07,1.199976,0.276878
2026-06-03,BRN Dec26,2026-10-27,103.2,1.25,0.276934
2026-06-04,BRN Dec26,2026-10-27,62.88,0.75,0.327461
2026-06-04,BRN Dec26,2026-10-27,67.07,0.799976,0.312771
2026-06-04,BRN Dec26,2026-10-27,71.26,0.849952,0.300867
2026-06-04,BRN Dec26,2026-10-27,75.46,0.900048,0.291305
2026-06-04,BRN Dec26,2026-10-27,79.65,0.950024,0.283786
2026-06-04,BRN Dec26,2026-10-27,83.84,1.0,0.278002
2026-06-04,BRN Dec26,2026-10-27,88.03,1.049976,0.27372
2026-06-04,BRN Dec26,2026-10-27,92.22,1.099952,0.270744
2026-06-04,BRN Dec26,2026-10-27,96.42,1.150048,0.268908
2026-06-04,BRN Dec26,2026-10-27,100.61,1.200024,0.26808
2026-06-04,BRN Dec26,2026-10-27,104.8,1.25,0.268136
2026-06-05,BRN Dec26,2026-10-27,62.69,0.74997,0.3262
2026-06-05,BRN Dec26,2026-10-27,66.87,0.799976,0.311501
2026-06-05,BRN Dec26,2026-10-27,71.05,0.849982,0.29959
2026-06-05,BRN Dec26,2026-10-27,75.23,0.899988,0.290045
2026-06-05,BRN Dec26,2026-10-27,79.41,0.949994,0.282519
2026-06-05,BRN Dec26,2026-10-27,83.59,1.0,0.276732
2026-06-05,BRN Dec26,2026-10-27,87.77,1.050006,0.272447
2026-06-05,BRN Dec26,2026-10-27,91.95,1.100012,0.269471
2026-06-05,BRN Dec26,2026-10-27,96.13,1.150018,0.267638
2026-06-05,BRN Dec26,2026-10-27,100.31,1.200024,0.26681
2026-06-05,BRN Dec26,2026-10-27,104.49,1.25003,0.266866
2026-06-08,BRN Dec26,2026-10-27,61.29,0.75,0.333849
2026-06-08,BRN Dec26,2026-10-27,65.38,0.800049,0.319141
2026-06-08,BRN Dec26,2026-10-27,69.46,0.849976,0.307251
2026-06-08,BRN Dec26,2026-10-27,73.55,0.900024,0.297698
2026-06-08,BRN Dec26,2026-10-27,77.63,0.949951,0.290184
2026-06-08,BRN Dec26,2026-10-27,81.72,1.0,0.284391
2026-06-08,BRN Dec26,2026-10-27,85.81,1.050049,0.280103
2026-06-08,BRN Dec26,2026-10-27,89.89,1.099976,0.277132
2026-06-08,BRN Dec26,2026-10-27,93.98,1.150024,0.275297
2026-06-08,BRN Dec26,2026-10-27,98.06,1.199951,0.274469
2026-06-08,BRN Dec26,2026-10-27,102.15,1.25,0.274525
2026-06-09,BRN Dec26,2026-10-27,60.08,0.750062,0.335302
2026-06-09,BRN Dec26,2026-10-27,64.08,0.8,0.320626
2026-06-09,BRN Dec26,2026-10-27,68.08,0.849938,0.308732
2026-06-09,BRN Dec26,2026-10-27,72.09,0.9,0.299175
2026-06-09,BRN Dec26,2026-10-27,76.09,0.949938,0.291659
2026-06-09,BRN Dec26,2026-10-27,80.1,1.0,0.285864
2026-06-09,BRN Dec26,2026-10-27,84.1,1.049938,0.281584
2026-06-09,BRN Dec26,2026-10-27,88.11,1.1,0.278604
2026-06-09,BRN Dec26,2026-10-27,92.11,1.149938,0.276773
2026-06-09,BRN Dec26,2026-10-27,96.12,1.2,0.275942
2026-06-09,BRN Dec26,2026-10-27,100.12,1.249938,0.275997
2026-06-10,BRN Dec26,2026-10-27,59.06,0.749968,0.333778
2026-06-10,BRN Dec26,2026-10-27,63.0,0.8,0.319072
2026-06-10,BRN Dec26,2026-10-27,66.94,0.850032,0.307157
2026-06-10,BRN Dec26,2026-10-27,70.88,0.900063,0.29761
2026-06-10,BRN Dec26,2026-10-27,74.81,0.949968,0.2901
2026-06-10,BRN Dec26,2026-10-27,78.75,1.0,0.284309
2026-06-10,BRN Dec26,2026-10-27,82.69,1.050032,0.280023
2026-06-10,BRN Dec26,2026-10-27,86.62,1.099937,0.277052
2026-06-10,BRN Dec26,2026-10-27,90.56,1.149968,0.275217
2026-06-10,BRN Dec26,2026-10-27,94.5,1.2,0.274387
2026-06-10,BRN Dec26,2026-10-27,98.44,1.250032,0.274443
2026-06-11,BRN Dec26,2026-10-27,59.57,0.749969,0.335344
2026-06-11,BRN Dec26,2026-10-27,63.54,0.79995,0.320651
2026-06-11,BRN Dec26,2026-10-27,67.52,0.850057,0.308718
2026-06-11,BRN Dec26,2026-10-27,71.49,0.900038,0.29918
2026-06-11,BRN Dec26,2026-10-27,75.46,0.950019,0.29166
2026-06-11,BRN Dec26,2026-10-27,79.43,1.0,0.285875
2026-06-11,BRN Dec26,2026-10-27,83.4,1.049981,0.281593
2026-06-11,BRN Dec26,2026-10-27,87.37,1.099962,0.278617
2026-06-11,BRN Dec26,2026-10-27,91.34,1.149943,0.276784
2026-06-11,BRN Dec26,2026-10-27,95.32,1.20005,0.275953
2026-06-11,BRN Dec26,2026-10-27,99.29,1.250031,0.276009
2026-06-12,BRN Dec26,2026-10-27,59.72,0.749969,0.330785
2026-06-12,BRN Dec26,2026-10-27,63.7,0.79995,0.316092
2026-06-12,BRN Dec26,2026-10-27,67.69,0.850057,0.304159
2026-06-12,BRN Dec26,2026-10-27,71.67,0.900038,0.294621
2026-06-12,BRN Dec26,2026-10-27,75.65,0.950019,0.287101
2026-06-12,BRN Dec26,2026-10-27,79.63,1.0,0.281316
2026-06-12,BRN Dec26,2026-10-27,83.61,1.049981,0.277033
2026-06-12,BRN Dec26,2026-10-27,87.59,1.099962,0.274058
2026-06-12,BRN Dec26,2026-10-27,91.57,1.149943,0.272225
2026-06-12,BRN Dec26,2026-10-27,95.56,1.20005,0.271394
2026-06-12,BRN Dec26,2026-10-27,99.54,1.250031,0.27145
2026-06-15,BRN Dec26,2026-10-27,60.5,0.750062,0.330123
2026-06-15,BRN Dec26,2026-10-27,64.53,0.800025,0.315441
2026-06-15,BRN Dec26,2026-10-27,68.56,0.849988,0.303542
2026-06-15,BRN Dec26,2026-10-27,72.59,0.89995,0.294004
2026-06-15,BRN Dec26,2026-10-27,76.63,0.950037,0.286467
2026-06-15,BRN Dec26,2026-10-27,80.66,1.0,0.280685
2026-06-15,BRN Dec26,2026-10-27,84.69,1.049963,0.276403
2026-06-15,BRN Dec26,2026-10-27,88.73,1.10005,0.273422
2026-06-15,BRN Dec26,2026-10-27,92.76,1.150012,0.271591
2026-06-15,BRN Dec26,2026-10-27,96.79,1.199975,0.270763
2026-06-15,BRN Dec26,2026-10-27,100.82,1.249938,0.270818
2026-06-16,BRN Dec26,2026-10-27,60.01,0.750031,0.330711
2026-06-16,BRN Dec26,2026-10-27,64.01,0.800025,0.316018
2026-06-16,BRN Dec26,2026-10-27,68.01,0.850019,0.304113
2026-06-16,BRN Dec26,2026-10-27,72.01,0.900012,0.294572
2026-06-16,BRN Dec26,2026-10-27,76.01,0.950006,0.287049
2026-06-16,BRN Dec26,2026-10-27,80.01,1.0,0.281262
2026-06-16,BRN Dec26,2026-10-27,84.01,1.049994,0.276979
2026-06-16,BRN Dec26,2026-10-27,88.01,1.099988,0.274003
2026-06-16,BRN Dec26,2026-10-27,92.01,1.149981,0.27217
2026-06-16,BRN Dec26,2026-10-27,96.01,1.199975,0.271341
2026-06-16,BRN Dec26,2026-10-27,100.01,1.249969,0.271396
2026-06-17,BRN Dec26,2026-10-27,60.19,0.750031,0.330715
2026-06-17,BRN Dec26,2026-10-27,64.2,0.8,0.316029
2026-06-17,BRN Dec26,2026-10-27,68.21,0.849969,0.304128
2026-06-17,BRN Dec26,2026-10-27,72.23,0.900062,0.294567
2026-06-17,BRN Dec26,2026-10-27,76.24,0.950031,0.287049
2026-06-17,BRN Dec26,2026-10-27,80.25,1.0,0.281266
2026-06-17,BRN Dec26,2026-10-27,84.26,1.049969,0.276985
2026-06-17,BRN Dec26,2026-10-27,88.28,1.100062,0.274003
2026-06-17,BRN Dec26,2026-10-27,92.29,1.150031,0.272173
2026-06-17,BRN Dec26,2026-10-27,96.3,1.2,0.271344
2026-06-17,BRN Dec26,2026-10-27,100.31,1.249969,0.2714
2026-06-18,BRN Dec26,2026-10-27,60.84,0.75,0.333359
2026-06-18,BRN Dec26,2026-10-27,64.9,0.800049,0.31865
2026-06-18,BRN Dec26,2026-10-27,68.95,0.849975,0.306761
2026-06-18,BRN Dec26,2026-10-27,73.01,0.900025,0.297208
2026-06-18,BRN Dec26,2026-10-27,77.06,0.949951,0.289694
2026-06-18,BRN Dec26,2026-10-27,81.12,1.0,0.283901
2026-06-18,BRN Dec26,2026-10-27,85.18,1.050049,0.279613
2026-06-18,BRN Dec26,2026-10-27,89.23,1.099975,0.276642
2026-06-18,BRN Dec26,2026-10-27,93.29,1.150025,0.274807
2026-06-18,BRN Dec26,2026-10-27,97.34,1.199951,0.273979
2026-06-18,BRN Dec26,2026-10-27,101.4,1.25,0.274035
2026-06-19,BRN Dec26,2026-10-27,60.49,0.750031,0.334566
2026-06-19,BRN Dec26,2026-10-27,64.52,0.8,0.31988
2026-06-19,BRN Dec26,2026-10-27,68.55,0.849969,0.307979
2026-06-19,BRN Dec26,2026-10-27,72.59,0.900062,0.298418
2026-06-19,BRN Dec26,2026-10-27,76.62,0.950031,0.290901
2026-06-19,BRN Dec26,2026-10-27,80.65,1.0,0.285118
2026-06-19,BRN Dec26,2026-10-27,84.68,1.049969,0.280836
2026-06-19,BRN Dec26,2026-10-27,88.72,1.100062,0.277855
2026-06-19,BRN Dec26,2026-10-27,92.75,1.150031,0.276024
2026-06-19,BRN Dec26,2026-10-27,96.78,1.2,0.275196
2026-06-19,BRN Dec26,2026-10-27,100.81,1.249969,0.275251
2026-06-22,BRN Dec26,2026-10-27,61.0,0.749939,0.336748
2026-06-22,BRN Dec26,2026-10-27,65.07,0.799975,0.322038
2026-06-22,BRN Dec26,2026-10-27,69.14,0.850012,0.310121
2026-06-22,BRN Dec26,2026-10-27,73.21,0.900049,0.300572
2026-06-22,BRN Dec26,2026-10-27,77.27,0.949963,0.293061
2026-06-22,BRN Dec26,2026-10-27,81.34,1.0,0.287269
2026-06-22,BRN Dec26,2026-10-27,85.41,1.050037,0.282983
2026-06-22,BRN Dec26,2026-10-27,89.47,1.099951,0.280011
2026-06-22,BRN Dec26,2026-10-27,93.54,1.149988,0.278177
2026-06-22,BRN Dec26,2026-10-27,97.61,1.200025,0.277347
2026-06-22,BRN Dec26,2026-10-27,101.68,1.250061,0.277404
2026-06-23,BRN Dec26,2026-10-27,60.19,0.750031,0.334734
2026-06-23,BRN Dec26,2026-10-27,64.2,0.8,0.320049
2026-06-23,BRN Dec26,2026-10-27,68.21,0.849969,0.308148
2026-06-23,BRN Dec26,2026-10-27,72.23,0.900062,0.298587
2026-06-23,BRN Dec26,2026-10-27,76.24,0.950031,0.291069
2026-06-23,BRN Dec26,2026-10-27,80.25,1.0,0.285286
2026-06-23,BRN Dec26,2026-10-27,84.26,1.049969,0.281004
2026-06-23,BRN Dec26,2026-10-27,88.28,1.100062,0.278023
2026-06-23,BRN Dec26,2026-10-27,92.29,1.150031,0.276192
2026-06-23,BRN Dec26,2026-10-27,96.3,1.2,0.275364
2026-06-23,BRN Dec26,2026-10-27,100.31,1.249969,0.27542
2026-06-24,BRN Dec26,2026-10-27,59.74,0.750031,0.337569
2026-06-24,BRN Dec26,2026-10-27,63.72,0.8,0.322883
2026-06-24,BRN Dec26,2026-10-27,67.7,0.849969,0.310982
2026-06-24,BRN Dec26,2026-10-27,71.68,0.899937,0.301443
2026-06-24,BRN Dec26,2026-10-27,75.67,0.950031,0.293904
2026-06-24,BRN Dec26,2026-10-27,79.65,1.0,0.288121
2026-06-24,BRN Dec26,2026-10-27,83.63,1.049969,0.283839
2026-06-24,BRN Dec26,2026-10-27,87.62,1.100063,0.280858
2026-06-24,BRN Dec26,2026-10-27,91.6,1.150031,0.279027
2026-06-24,BRN Dec26,2026-10-27,95.58,1.2,0.278199
2026-06-24,BRN Dec26,2026-10-27,99.56,1.249969,0.278254
2026-06-25,BRN Dec26,2026-10-27,59.26,0.749937,0.342543
2026-06-25,BRN Dec26,2026-10-27,63.22,0.800051,0.327813
2026-06-25,BRN Dec26,2026-10-27,67.17,0.850038,0.315911
2026-06-25,BRN Dec26,2026-10-27,71.12,0.900025,0.306371
2026-06-25,BRN Dec26,2026-10-27,75.07,0.950013,0.298849
2026-06-25,BRN Dec26,2026-10-27,79.02,1.0,0.293064
2026-06-25,BRN Dec26,2026-10-27,82.97,1.049987,0.288781
2026-06-25,BRN Dec26,2026-10-27,86.92,1.099975,0.285805
2026-06-25,BRN Dec26,2026-10-27,90.87,1.149962,0.283972
2026-06-25,BRN Dec26,2026-10-27,94.82,1.199949,0.283142
2026-06-25,BRN Dec26,2026-10-27,98.78,1.250063,0.283198
2026-06-26,BRN Dec26,2026-10-27,57.92,0.750065,0.339499
2026-06-26,BRN Dec26,2026-10-27,61.78,0.800052,0.32481
2026-06-26,BRN Dec26,2026-10-27,65.64,0.850039,0.312908
2026-06-26,BRN Dec26,2026-10-27,69.5,0.900026,0.303368
2026-06-26,BRN Dec26,2026-10-27,73.36,0.950013,0.295847
2026-06-26,BRN Dec26,2026-10-27,77.22,1.0,0.290062
2026-06-26,BRN Dec26,2026-10-27,81.08,1.049987,0.285779
2026-06-26,BRN Dec26,2026-10-27,84.94,1.099974,0.282803
2026-06-26,BRN Dec26,2026-10-27,88.8,1.149961,0.28097
2026-06-26,BRN Dec26,2026-10-27,92.66,1.199948,0.28014
2026-06-26,BRN Dec26,2026-10-27,96.52,1.249935,0.280195
2026-06-29,BRN Dec26,2026-10-27,58.41,0.75,0.336855
2026-06-29,BRN Dec26,2026-10-27,62.3,0.799949,0.322173
2026-06-29,BRN Dec26,2026-10-27,66.2,0.850026,0.310246
2026-06-29,BRN Dec26,2026-10-27,70.09,0.899974,0.300712
2026-06-29,BRN Dec26,2026-10-27,73.99,0.950051,0.293177
2026-06-29,BRN Dec26,2026-10-27,77.88,1.0,0.287397
2026-06-29,BRN Dec26,2026-10-27,81.77,1.049949,0.283116
2026-06-29,BRN Dec26,2026-10-27,85.67,1.100026,0.280135
2026-06-29,BRN Dec26,2026-10-27,89.56,1.149974,0.278304
2026-06-29,BRN Dec26,2026-10-27,93.46,1.200051,0.277474
2026-06-29,BRN Dec26,2026-10-27,97.35,1.25,0.277531
2026-06-30,BRN Dec26,2026-10-27,57.97,0.750032,0.34093
2026-06-30,BRN Dec26,2026-10-27,61.83,0.799974,0.326252
2026-06-30,BRN Dec26,2026-10-27,65.7,0.850045,0.314327
2026-06-30,BRN Dec26,2026-10-27,69.56,0.899987,0.304796
2026-06-30,BRN Dec26,2026-10-27,73.43,0.950058,0.297261
2026-06-30,BRN Dec26,2026-10-27,77.29,1.0,0.291482
2026-06-30,BRN Dec26,2026-10-27,81.15,1.049942,0.287202
2026-06-30,BRN Dec26,2026-10-27,85.02,1.100013,0.284221
2026-06-30,BRN Dec26,2026-10-27,88.88,1.149955,0.28239
2026-06-30,BRN Dec26,2026-10-27,92.75,1.200026,0.28156
2026-06-30,BRN Dec26,2026-10-27,96.61,1.249968,0.281616
2026-07-01,BRN Dec26,2026-10-27,57.98,0.749968,0.340333
2026-07-01,BRN Dec26,2026-10-27,61.85,0.800026,0.325619
2026-07-01,BRN Dec26,2026-10-27,65.71,0.849955,0.313728
2026-07-01,BRN Dec26,2026-10-27,69.58,0.900013,0.304173
2026-07-01,BRN Dec26,2026-10-27,73.44,0.949942,0.296658
2026-07-01,BRN Dec26,2026-10-27,77.31,1.0,0.290864
2026-07-01,BRN Dec26,2026-10-27,81.18,1.050058,0.286576
2026-07-01,BRN Dec26,2026-10-27,85.04,1.099987,0.283604
2026-07-01,BRN Dec26,2026-10-27,88.91,1.150045,0.28177
2026-07-01,BRN Dec26,2026-10-27,92.77,1.199974,0.280942
2026-07-01,BRN Dec26,2026-10-27,96.64,1.250032,0.280998
2026-07-02,BRN Dec26,2026-10-27,58.5,0.75,0.344508
2026-07-02,BRN Dec26,2026-10-27,62.4,0.8,0.329812
2026-07-02,BRN Dec26,2026-10-27,66.3,0.85,0.317904
2026-07-02,BRN Dec26,2026-10-27,70.2,0.9,0.30836
2026-07-02,BRN Dec26,2026-10-27,74.1,0.95,0.300836
2026-07-02,BRN Dec26,2026-10-27,78.0,1.0,0.295049
2026-07-02,BRN Dec26,2026-10-27,81.9,1.05,0.290765
2026-07-02,BRN Dec26,2026-10-27,85.8,1.1,0.287789
2026-07-02,BRN Dec26,2026-10-27,89.7,1.15,0.285956
2026-07-02,BRN Dec26,2026-10-27,93.6,1.2,0.285127
2026-07-02,BRN Dec26,2026-10-27,97.5,1.25,0.285183
2026-07-03,BRN Dec26,2026-10-27,59.03,0.750064,0.343008
2026-07-03,BRN Dec26,2026-10-27,62.96,0.8,0.328333
2026-07-03,BRN Dec26,2026-10-27,66.9,0.850064,0.316412
2026-07-03,BRN Dec26,2026-10-27,70.83,0.9,0.306881
2026-07-03,BRN Dec26,2026-10-27,74.76,0.949936,0.299366
2026-07-03,BRN Dec26,2026-10-27,78.7,1.0,0.29357
2026-07-03,BRN Dec26,2026-10-27,82.64,1.050064,0.289282
2026-07-03,BRN Dec26,2026-10-27,86.57,1.1,0.28631
2026-07-03,BRN Dec26,2026-10-27,90.5,1.149936,0.284479
2026-07-03,BRN Dec26,2026-10-27,94.44,1.2,0.283648
2026-07-03,BRN Dec26,2026-10-27,98.38,1.250064,0.283705
2026-07-06,BRN Dec26,2026-10-27,59.79,0.75,0.347287
2026-07-06,BRN Dec26,2026-10-27,63.78,0.80005,0.332577
2026-07-06,BRN Dec26,2026-10-27,67.76,0.849975,0.320688
2026-07-06,BRN Dec26,2026-10-27,71.75,0.900025,0.311135
2026-07-06,BRN Dec26,2026-10-27,75.73,0.94995,0.303622
2026-07-06,BRN Dec26,2026-10-27,79.72,1.0,0.297828
2026-07-06,BRN Dec26,2026-10-27,83.71,1.05005,0.293541
2026-07-06,BRN Dec26,2026-10-27,87.69,1.099975,0.290569
2026-07-06,BRN Dec26,2026-10-27,91.68,1.150025,0.288735
2026-07-06,BRN Dec26,2026-10-27,95.66,1.19995,0.287907
2026-07-06,BRN Dec26,2026-10-27,99.65,1.25,0.287962
2026-07-07,BRN Dec26,2026-10-27,59.68,0.750031,0.347436
2026-07-07,BRN Dec26,2026-10-27,63.66,0.80005,0.332737
2026-07-07,BRN Dec26,2026-10-27,67.63,0.849943,0.320855
2026-07-07,BRN Dec26,2026-10-27,71.61,0.899962,0.311305
2026-07-07,BRN Dec26,2026-10-27,75.59,0.949981,0.303777
2026-07-07,BRN Dec26,2026-10-27,79.57,1.0,0.297988
2026-07-07,BRN Dec26,2026-10-27,83.55,1.050019,0.293702
2026-07-07,BRN Dec26,2026-10-27,87.53,1.100038,0.290726
2026-07-07,BRN Dec26,2026-10-27,91.51,1.150057,0.288893
2026-07-07,BRN Dec26,2026-10-27,95.48,1.19995,0.288066
2026-07-07,BRN Dec26,2026-10-27,99.46,1.249969,0.288121
2026-07-08,BRN Dec26,2026-10-27,59.28,0.75,0.347981
2026-07-08,BRN Dec26,2026-10-27,63.23,0.799975,0.333292
2026-07-08,BRN Dec26,2026-10-27,67.18,0.849949,0.321389
2026-07-08,BRN Dec26,2026-10-27,71.14,0.900051,0.311825
2026-07-08,BRN Dec26,2026-10-27,75.09,0.950025,0.304307
2026-07-08,BRN Dec26,2026-10-27,79.04,1.0,0.298523
2026-07-08,BRN Dec26,2026-10-27,82.99,1.049975,0.294241
2026-07-08,BRN Dec26,2026-10-27,86.94,1.099949,0.291265
2026-07-08,BRN Dec26,2026-10-27,90.9,1.150051,0.289429
2026-07-08,BRN Dec26,2026-10-27,94.85,1.200025,0.288601
2026-07-08,BRN Dec26,2026-10-27,98.8,1.25,0.288657
2026-07-09,BRN Dec26,2026-10-27,59.19,0.75,0.35242
2026-07-09,BRN Dec26,2026-10-27,63.14,0.800051,0.33771
2026-07-09,BRN Dec26,2026-10-27,67.08,0.849975,0.325822
2026-07-09,BRN Dec26,2026-10-27,71.03,0.900025,0.316268
2026-07-09,BRN Dec26,2026-10-27,74.97,0.949949,0.308755
2026-07-09,BRN Dec26,2026-10-27,78.92,1.0,0.302961
2026-07-09,BRN Dec26,2026-10-27,82.87,1.050051,0.298674
2026-07-09,BRN Dec26,2026-10-27,86.81,1.099975,0.295702
2026-07-09,BRN Dec26,2026-10-27,90.76,1.150025,0.293868
2026-07-09,BRN Dec26,2026-10-27,94.7,1.199949,0.29304
2026-07-09,BRN Dec26,2026-10-27,98.65,1.25,0.293095
2026-07-10,BRN Dec26,2026-10-27,57.38,0.749967,0.350956
2026-07-10,BRN Dec26,2026-10-27,61.21,0.800026,0.336243
2026-07-10,BRN Dec26,2026-10-27,65.03,0.849954,0.324352
2026-07-10,BRN Dec26,2026-10-27,68.86,0.900013,0.314796
2026-07-10,BRN Dec26,2026-10-27,72.68,0.949941,0.307282
2026-07-10,BRN Dec26,2026-10-27,76.51,1.0,0.301487
2026-07-10,BRN Dec26,2026-10-27,80.34,1.050059,0.297199
2026-07-10,BRN Dec26,2026-10-27,84.16,1.099987,0.294228
2026-07-10,BRN Dec26,2026-10-27,87.99,1.150046,0.292393
2026-07-10,BRN Dec26,2026-10-27,91.81,1.199974,0.291565
2026-07-10,BRN Dec26,2026-10-27,95.64,1.250033,0.291621
2026-07-13,BRN Dec26,2026-10-27,55.89,0.75,0.347778
2026-07-13,BRN Dec26,2026-10-27,59.62,0.800054,0.333068
2026-07-13,BRN Dec26,2026-10-27,63.34,0.849973,0.32118
2026-07-13,BRN Dec26,2026-10-27,67.07,0.900027,0.311626
2026-07-13,BRN Dec26,2026-10-27,70.79,0.949946,0.304113
2026-07-13,BRN Dec26,2026-10-27,74.52,1.0,0.298319
2026-07-13,BRN Dec26,2026-10-27,78.25,1.050054,0.294031
2026-07-13,BRN Dec26,2026-10-27,81.97,1.099973,0.29106
2026-07-13,BRN Dec26,2026-10-27,85.7,1.150027,0.289226
2026-07-13,BRN Dec26,2026-10-27,89.42,1.199946,0.288398
2026-07-13,BRN Dec26,2026-10-27,93.15,1.25,0.288453
2026-07-14,BRN Dec26,2026-10-27,54.51,0.75,0.346182
2026-07-14,BRN Dec26,2026-10-27,58.14,0.799945,0.331501
2026-07-14,BRN Dec26,2026-10-27,61.78,0.850028,0.319573
2026-07-14,BRN Dec26,2026-10-27,65.41,0.899972,0.31004
2026-07-14,BRN Dec26,2026-10-27,69.05,0.950055,0.302504
2026-07-14,BRN Dec26,2026-10-27,72.68,1.0,0.296724
2026-07-14,BRN Dec26,2026-10-27,76.31,1.049945,0.292444
2026-07-14,BRN Dec26,2026-10-27,79.95,1.100028,0.289463
2026-07-14,BRN Dec26,2026-10-27,83.58,1.149972,0.287632
2026-07-14,BRN Dec26,2026-10-27,87.22,1.200055,0.286802
2026-07-14,BRN Dec26,2026-10-27,90.85,1.25,0.286858
2026-07-15,BRN Dec26,2026-10-27,53.5,0.74993,0.34736
2026-07-15,BRN Dec26,2026-10-27,57.07,0.799972,0.332649
2026-07-15,BRN Dec26,2026-10-27,60.64,0.850014,0.320731
2026-07-15,BRN Dec26,2026-10-27,64.21,0.900056,0.311181
2026-07-15,BRN Dec26,2026-10-27,67.77,0.949958,0.303672
2026-07-15,BRN Dec26,2026-10-27,71.34,1.0,0.297879
2026-07-15,BRN Dec26,2026-10-27,74.91,1.050042,0.293592
2026-07-15,BRN Dec26,2026-10-27,78.47,1.099944,0.290622
2026-07-15,BRN Dec26,2026-10-27,82.04,1.149986,0.288787
2026-07-15,BRN Dec26,2026-10-27,85.61,1.200028,0.287957
2026-07-15,BRN Dec26,2026-10-27,89.18,1.25007,0.288014
2026-07-16,BRN Dec26,2026-10-27,53.88,0.75,0.342404
2026-07-16,BRN Dec26,2026-10-27,57.47,0.799972,0.327715
2026-07-16,BRN Dec26,2026-10-27,61.06,0.849944,0.315812
2026-07-16,BRN Dec26,2026-10-27,64.66,0.900056,0.306247
2026-07-16,BRN Dec26,2026-10-27,68.25,0.950028,0.298729
2026-07-16,BRN Dec26,2026-10-27,71.84,1.0,0.292945
2026-07-16,BRN Dec26,2026-10-27,75.43,1.049972,0.288664
2026-07-16,BRN Dec26,2026-10-27,79.02,1.099944,0.285688
2026-07-16,BRN Dec26,2026-10-27,82.62,1.150056,0.283851
2026-07-16,BRN Dec26,2026-10-27,86.21,1.200028,0.283023
2026-07-16,BRN Dec26,2026-10-27,89.8,1.25,0.283079
2026-07-17,BRN Dec26,2026-10-27,53.05,0.749929,0.344251
2026-07-17,BRN Dec26,2026-10-27,56.59,0.799972,0.32954
2026-07-17,BRN Dec26,2026-10-27,60.13,0.850014,0.317622
2026-07-17,BRN Dec26,2026-10-27,63.67,0.900057,0.308071
2026-07-17,BRN Dec26,2026-10-27,67.2,0.949958,0.300562
2026-07-17,BRN Dec26,2026-10-27,70.74,1.0,0.29477
2026-07-17,BRN Dec26,2026-10-27,74.28,1.050042,0.290483
2026-07-17,BRN Dec26,2026-10-27,77.81,1.099943,0.287512
2026-07-17,BRN Dec26,2026-10-27,81.35,1.149986,0.285677
2026-07-17,BRN Dec26,2026-10-27,84.89,1.200028,0.284847
2026-07-17,BRN Dec26,2026-10-27,88.42,1.249929,0.284903
2026-07-20,BRN Dec26,2026-10-27,52.78,0.750036,0.342457
2026-07-20,BRN Dec26,2026-10-27,56.3,0.800057,0.327758
2026-07-20,BRN Dec26,2026-10-27,59.81,0.849936,0.315879
2026-07-20,BRN Dec26,2026-10-27,63.33,0.899957,0.306329
2026-07-20,BRN Dec26,2026-10-27,66.85,0.949979,0.2988
2026-07-20,BRN Dec26,2026-10-27,70.37,1.0,0.29301
2026-07-20,BRN Dec26,2026-10-27,73.89,1.050021,0.288725
2026-07-20,BRN Dec26,2026-10-27,77.41,1.100043,0.285748
2026-07-20,BRN Dec26,2026-10-27,80.93,1.150064,0.283916
2026-07-20,BRN Dec26,2026-10-27,84.44,1.199943,0.283089
2026-07-20,BRN Dec26,2026-10-27,87.96,1.249964,0.283144
2026-07-21,BRN Dec26,2026-10-27,53.94,0.75,0.345822
2026-07-21,BRN Dec26,2026-10-27,57.54,0.800056,0.331111
2026-07-21,BRN Dec26,2026-10-27,61.13,0.849972,0.319224
2026-07-21,BRN Dec26,2026-10-27,64.73,0.900028,0.30967
2026-07-21,BRN Dec26,2026-10-27,68.32,0.949944,0.302158
2026-07-21,BRN Dec26,2026-10-27,71.92,1.0,0.296363
2026-07-21,BRN Dec26,2026-10-27,75.52,1.050056,0.292075
2026-07-21,BRN Dec26,2026-10-27,79.11,1.099972,0.289105
2026-07-21,BRN Dec26,2026-10-27,82.71,1.150028,0.28727
2026-07-21,BRN Dec26,2026-10-27,86.3,1.199944,0.286442
2026-07-21,BRN Dec26,2026-10-27,89.9,1.25,0.286497
2026-07-22,BRN Dec26,2026-10-27,53.61,0.75,0.338448
2026-07-22,BRN Dec26,2026-10-27,57.18,0.799944,0.323767
2026-07-22,BRN Dec26,2026-10-27,60.76,0.850028,0.311839
2026-07-22,BRN Dec26,2026-10-27,64.33,0.899972,0.302306
2026-07-22,BRN Dec26,2026-10-27,67.91,0.950056,0.294769
2026-07-22,BRN Dec26,2026-10-27,71.48,1.0,0.28899
2026-07-22,BRN Dec26,2026-10-27,75.05,1.049944,0.28471
2026-07-22,BRN Dec26,2026-10-27,78.63,1.100028,0.281728
2026-07-22,BRN Dec26,2026-10-27,82.2,1.149972,0.279897
2026-07-22,BRN Dec26,2026-10-27,85.78,1.200056,0.279067
2026-07-22,BRN Dec26,2026-10-27,89.35,1.25,0.279123
2026-07-23,BRN Dec26,2026-10-27,54.27,0.75,0.336119
2026-07-23,BRN Dec26,2026-10-27,57.89,0.800028,0.321416
2026-07-23,BRN Dec26,2026-10-27,61.51,0.850055,0.309503
2026-07-23,BRN Dec26,2026-10-27,65.12,0.899945,0.299981
2026-07-23,BRN Dec26,2026-10-27,68.74,0.949972,0.292451
2026-07-23,BRN Dec26,2026-10-27,72.36,1.0,0.28666
2026-07-23,BRN Dec26,2026-10-27,75.98,1.050028,0.282374
2026-07-23,BRN Dec26,2026-10-27,79.6,1.100055,0.279398
2026-07-23,BRN Dec26,2026-10-27,83.21,1.149945,0.277569
2026-07-23,BRN Dec26,2026-10-27,86.83,1.199972,0.276739
2026-07-23,BRN Dec26,2026-10-27,90.45,1.25,0.276794
2026-07-24,BRN Dec26,2026-10-27,53.39,0.749965,0.331171
2026-07-24,BRN Dec26,2026-10-27,56.95,0.799972,0.316471
2026-07-24,BRN Dec26,2026-10-27,60.51,0.849979,0.30456
2026-07-24,BRN Dec26,2026-10-27,64.07,0.899986,0.295015
2026-07-24,BRN Dec26,2026-10-27,67.63,0.949993,0.287489
2026-07-24,BRN Dec26,2026-10-27,71.19,1.0,0.281701
2026-07-24,BRN Dec26,2026-10-27,74.75,1.050007,0.277417
2026-07-24,BRN Dec26,2026-10-27,78.31,1.100014,0.27444
2026-07-24,BRN Dec26,2026-10-27,81.87,1.150021,0.272608
2026-07-24,BRN Dec26,2026-10-27,85.43,1.200028,0.271779
2026-07-24,BRN Dec26,2026-10-27,88.99,1.250035,0.271835
2026-07-27,BRN Dec26,2026-10-27,53.19,0.75,0.32893
2026-07-27,BRN Dec26,2026-10-27,56.74,0.800056,0.314219
2026-07-27,BRN Dec26,2026-10-27,60.28,0.849972,0.302332
2026-07-27,BRN Dec26,2026-10-27,63.83,0.900028,0.292778
2026-07-27,BRN Dec26,2026-10-27,67.37,0.949944,0.285266
2026-07-27,BRN Dec26,2026-10-27,70.92,1.0,0.279471
2026-07-27,BRN Dec26,2026-10-27,74.47,1.050056,0.275183
2026-07-27,BRN Dec26,2026-10-27,78.01,1.099972,0.272213
2026-07-27,BRN Dec26,2026-10-27,81.56,1.150028,0.270378
2026-07-27,BRN Dec26,2026-10-27,85.1,1.199944,0.26955
2026-07-27,BRN Dec26,2026-10-27,88.65,1.25,0.269605
2026-07-28,BRN Dec26,2026-10-27,52.21,0.750036,0.329977
2026-07-28,BRN Dec26,2026-10-27,55.69,0.800029,0.315285
2026-07-28,BRN Dec26,2026-10-27,59.17,0.850022,0.303381
2026-07-28,BRN Dec26,2026-10-27,62.65,0.900014,0.293839
2026-07-28,BRN Dec26,2026-10-27,66.13,0.950007,0.286316
2026-07-28,BRN Dec26,2026-10-27,69.61,1.0,0.28053
2026-07-28,BRN Dec26,2026-10-27,73.09,1.049993,0.276247
2026-07-28,BRN Dec26,2026-10-27,76.57,1.099986,0.273271
2026-07-28,BRN Dec26,2026-10-27,80.05,1.149978,0.271438
2026-07-28,BRN Dec26,2026-10-27,83.53,1.199971,0.270608
2026-07-28,BRN Dec26,2026-10-27,87.01,1.249964,0.270664
2026-07-29,BRN Dec26,2026-10-27,51.94,0.750036,0.329723
2026-07-29,BRN Dec26,2026-10-27,55.4,0.8,0.315039
2026-07-29,BRN Dec26,2026-10-27,58.86,0.849964,0.303139
2026-07-29,BRN Dec26,2026-10-27,62.32,0.899928,0.2936
2026-07-29,BRN Dec26,2026-10-27,65.79,0.950036,0.286059
2026-07-29,BRN Dec26,2026-10-27,69.25,1.0,0.280277
2026-07-29,BRN Dec26,2026-10-27,72.71,1.049964,0.275995
2026-07-29,BRN Dec26,2026-10-27,76.18,1.100072,0.273013
2026-07-29,BRN Dec26,2026-10-27,79.64,1.150036,0.271183
2026-07-29,BRN Dec26,2026-10-27,83.1,1.2,0.270355
2026-07-29,BRN Dec26,2026-10-27,86.56,1.249964,0.27041
2026-07-30,BRN Dec26,2026-10-27,52.7,0.750071,0.329243
2026-07-30,BRN Dec26,2026-10-27,56.21,0.800028,0.314563
2026-07-30,BRN Dec26,2026-10-27,59.72,0.849986,0.302666
2026-07-30,BRN Dec26,2026-10-27,63.23,0.899943,0.293129
2026-07-30,BRN Dec26,2026-10-27,66.75,0.950043,0.28559
2026-07-30,BRN Dec26,2026-10-27,70.26,1.0,0.279808
2026-07-30,BRN Dec26,2026-10-27,73.77,1.049957,0.275527
2026-07-30,BRN Dec26,2026-10-27,77.29,1.100057,0.272545
2026-07-30,BRN Dec26,2026-10-27,80.8,1.150014,0.270715
2026-07-30,BRN Dec26,2026-10-27,84.31,1.199972,0.269886
2026-07-30,BRN Dec26,2026-10-27,87.82,1.249929,0.269941
2026-07-31,BRN Dec26,2026-10-27,51.07,0.750037,0.329083
2026-07-31,BRN Dec26,2026-10-27,54.47,0.799971,0.314407
2026-07-31,BRN Dec26,2026-10-27,57.88,0.850051,0.30248
2026-07-31,BRN Dec26,2026-10-27,61.28,0.899985,0.29295
2026-07-31,BRN Dec26,2026-10-27,64.69,0.950066,0.285415
2026-07-31,BRN Dec26,2026-10-27,68.09,1.0,0.279636
2026-07-31,BRN Dec26,2026-10-27,71.49,1.049934,0.275357
2026-07-31,BRN Dec26,2026-10-27,74.9,1.100015,0.272376
2026-07-31,BRN Dec26,2026-10-27,78.3,1.149949,0.270545
2026-07-31,BRN Dec26,2026-10-27,81.71,1.200029,0.269714
2026-07-31,BRN Dec26,2026-10-27,85.11,1.249963,0.26977
